site_name,address,city,state,programs,has_ot,has_pt,has_pa,latitude,longitude,geo_key
A House on Beekman,"390 Jackson Avenue, Bronx, NY",Bronx,NY,OT,True,False,False,40.8088955,-73.9103087,"390 JACKSON AVENUE, BRONX, NY"
Abilities,"10 Mountain Ledge Drive, Wilton, NY",Wilton,NY,OT,True,False,False,43.1325254,-73.7659061,"10 MOUNTAIN LEDGE DRIVE, WILTON, NY"
Ability Rehabilitation,"1200 Lexington Green Lane, Sanford, FL",Sanford,FL,PT,False,True,False,28.8132525,-81.2812525,"1200 LEXINGTON GREEN LANE, SANFORD, FL"
Access Health,"156 Maybrook Hall, Campbell Hall, NY",Campbell Hall,NY,"PT, OT",True,True,False,41.4618778,-74.24765529999999,"156 MAYBROOK HALL, CAMPBELL HALL, NY"
Access PT and Wellness,"30 Hatfield Ln, Suite 203, Goshen, NY",Goshen,NY,"PT, PA, OT",True,True,True,41.3951472,-74.3398938,"30 HATFIELD LN, SUITE 203, GOSHEN, NY"
Ace Pain and Spine,"3625 Braselton Highway# 201, Dacula, GA",Dacula,GA,PA,False,False,True,34.0686935,-83.90451279999999,"3625 BRASELTON HIGHWAY# 201, DACULA, GA"
ACE Physical Therapy and Sports Medicine Institute,"2841 Harland Rd, #401B, Falls Church, VA",Falls Church,VA,PT,False,True,False,38.876471,-77.22195599999999,"2841 HARLAND RD, #401B, FALLS CHURCH, VA"
Action Physical Therapy,"160 S Congress Ave,  Suite 101, Delray Beach, FL",Delray Beach,FL,PT,False,True,False,26.4587992,-80.0942388,"160 S CONGRESS AVE, SUITE 101, DELRAY BEACH, FL"
Adirondack Arc-Children's Corner,"12 Mohawk St, Tupper Lake, NY",Tupper Lake,NY,PT,False,True,False,44.24124519999999,-74.4864317,"12 MOHAWK ST, TUPPER LAKE, NY"
Adirondack Helping Hands,"128 Park Row, Suite 101, Cadyville, NY",Cadyville,NY,"OT, PT",True,True,False,44.698151,-73.62917449999999,"128 PARK ROW, SUITE 101, CADYVILLE, NY"
Adirondack Medical Center,"2233 SR 86, Saranac Lake, NY",Saranac Lake,NY,"PT, PA, OT",True,True,True,44.3456201,-74.14347579999999,"2233 SR 86, SARANAC LAKE, NY"
Adirondack Medical Center,"2233 State Route 86, Saranac Laky, NY",Saranac Laky,NY,PA,False,False,True,44.3456201,-74.14347579999999,"2233 STATE ROUTE 86, SARANAC LAKY, NY"
Adirondack Medical Center/Adirondack Health,"2233 State Route 86, Saranac Lake, NY",Saranac Lake,NY,"PT, OT",True,True,False,44.3456201,-74.14347579999999,"2233 STATE ROUTE 86, SARANAC LAKE, NY"
Advance Rehabilitation,"1897 Island Walk Way, Suite 5, Fernandina Beach, FL",Fernandina Beach,FL,PT,False,True,False,30.6434858,-81.45630799999999,"1897 ISLAND WALK WAY, SUITE 5, FERNANDINA BEACH, FL"
Advanced Care Physical Therapy,"6490 Main St., Suite 1, Williamsville, NY",Williamsville,NY,PT,False,True,False,42.9667126,-78.7115697,"6490 MAIN ST., SUITE 1, WILLIAMSVILLE, NY"
Advanced Physical Therapy of Watertown,"26495 NYS Route 3, Watertown, NY",Watertown,NY,"PT, OT",True,True,False,43.9904285,-75.841599,"26495 NYS ROUTE 3, WATERTOWN, NY"
Advent Health,"6901 S. Havana St., Centennial, CO",Centennial,CO,"OT, PT, PA",True,True,True,39.589832,-104.8691607,"6901 S. HAVANA ST., CENTENNIAL, CO"
Adventist Health - Bakersfield Hospital,"2615 Chester Avenue, Bakersfield, CA 93301, Bakersfield, CA",Bakersfield,CA,OT,True,False,False,35.3833744,-119.0206543,"2615 CHESTER AVENUE, BAKERSFIELD, CA 93301, BAKERSFIELD, CA"
Adventist Health - Glendale Hospital,"1509 Wilson Terrace, Glendale, CA",Glendale,CA,"PT, PA, OT",True,True,True,34.1511844,-118.2302493,"1509 WILSON TERRACE, GLENDALE, CA"
Adventist Health (Dameron Hospital),"11500 Brookshire Ave., Downey, CA",Downey,CA,"PT, OT",True,True,False,33.9352254,-118.1306902,"11500 BROOKSHIRE AVE., DOWNEY, CA"
Adventist Health Bakersfield,"2615 Chester Avenue, Bakersfield, CA",Bakersfield,CA,PT,False,True,False,35.3833744,-119.0206543,"2615 CHESTER AVENUE, BAKERSFIELD, CA"
Adventist Health Simi Valley,"2975 North Sycamore Drive, Simi Valley, CA",Simi Valley,CA,OT,True,False,False,34.2891639,-118.7448704,"2975 NORTH SYCAMORE DRIVE, SIMI VALLEY, CA"
AdvisaCare Home Health Care,"39111 Six Mile Rd, Ste. 154, Livonia, MI",Livonia,MI,OT,True,False,False,42.409724,-83.42962849999999,"39111 SIX MILE RD, STE. 154, LIVONIA, MI"
Advocate South Suburban Hospital,"17800 Kedzie Avenue, South Pavilion, Hazel Crest, IL",Hazel Crest,IL,PT,False,True,False,41.5663567,-87.6968277,"17800 KEDZIE AVENUE, SOUTH PAVILION, HAZEL CREST, IL"
Afya Foundation,"140 Saw Mill River Road, Yonkers, NY",Yonkers,NY,OT,True,False,False,40.94396140000001,-73.8804057,"140 SAW MILL RIVER ROAD, YONKERS, NY"
Agilitas USA INC. RESULTS PHYSIOTHERAPY CENTERS,"607 Dewey Ave NW, Suite 300, Grand Rapids, MI",Grand Rapids,MI,PT,False,True,False,42.9741747,-85.68224339999999,"607 DEWEY AVE NW, SUITE 300, GRAND RAPIDS, MI"
Agility Health/ Alliance PT  LLC,"625 Kenmoor Avenue SE, Suite 100, Grand Rapids, MI",Grand Rapids,MI,PT,False,True,False,42.9530854,-85.56740119999999,"625 KENMOOR AVENUE SE, SUITE 100, GRAND RAPIDS, MI"
AIM Neuro Rehab,"99 Kinderkamack Road, Suite 100, Westwood, NJ",Westwood,NJ,"OT, PT, PA",True,True,True,40.9851897,-74.0246479,"99 KINDERKAMACK ROAD, SUITE 100, WESTWOOD, NJ"
ALARIS Health Advantage Rehabilitation Services,"175 Belgrove Drive, Kearny, NJ",Kearny,NJ,"PT, OT",True,True,False,40.7588844,-74.1578998,"175 BELGROVE DRIVE, KEARNY, NJ"
Albany Medical Center,"43 New Scotland Avenue, Albany, NY",Albany,NY,"OT, PT",True,True,False,42.6541048,-73.7759294,"43 NEW SCOTLAND AVENUE, ALBANY, NY"
Alice Hyde,"70 Constable St, Malone, NY",Malone,NY,"PT, OT",True,True,False,44.8562233,-74.2875722,"70 CONSTABLE ST, MALONE, NY"
Align Physical Therapy P.C. dba New Windsor Physical Therapy,"3141 Route 9W, New Windsor, NY",New Windsor,NY,PT,False,True,False,41.4813688,-74.0166224,"3141 ROUTE 9W, NEW WINDSOR, NY"
All Kids Can Therapy Services,"2420 Wilson Ave, Madison, IN",Madison,IN,"OT, PA, PT",True,True,True,38.7718685,-85.4055544,"2420 WILSON AVE, MADISON, IN"
Alternatives for Children,"14 Research Way, East Setauket, NY",East Setauket,NY,OT,True,False,False,40.9026596,-73.0860747,"14 RESEARCH WAY, EAST SETAUKET, NY"
Andrews Institute FOR ORTHOPAEDICS & SPORTS MEDICINE-Gulf Breeze Baptist Health Care Corp,"1040 Gulf Breeze Parkway, Gulf Breeze, FL",Gulf Breeze,FL,PT,False,True,False,30.3590401,-87.16013120000001,"1040 GULF BREEZE PARKWAY, GULF BREEZE, FL"
Ann Arundel Health System,"2001 medical parkway, annapolis, MD",annapolis,MD,"OT, PT",True,True,False,38.9900317,-76.53401079999999,"2001 MEDICAL PARKWAY, ANNAPOLIS, MD"
Anne Arundel County Public Schools,"2644 Riva Road, Annapolis, MD",Annapolis,MD,OT,True,False,False,38.9761938,-76.5592915,"2644 RIVA ROAD, ANNAPOLIS, MD"
Anne Arundel Medical Center,"2001 Medical Parkway, Annapolis, MD",Annapolis,MD,OT,True,False,False,38.9900317,-76.53401079999999,"2001 MEDICAL PARKWAY, ANNAPOLIS, MD"
Anwan Wellness Medical Center,"725 N. Central Ave., Hapeville, GA",Hapeville,GA,PA,False,False,True,33.6613998,-84.4126751,"725 N. CENTRAL AVE., HAPEVILLE, GA"
Apex Network Physical Therapy,"15 Apex Drive, Highland, IL",Highland,IL,OT,True,False,False,38.7512817,-89.6733299,"15 APEX DRIVE, HIGHLAND, IL"
ApexNetwork Physical Therapy,"4280 S. State Route 159, Suite 3, Glen Carbon, IL",Glen Carbon,IL,"PT, OT",True,True,False,38.7703208,-89.9559402,"4280 S. STATE ROUTE 159, SUITE 3, GLEN CARBON, IL"
Aqua Care Physical Therapy-Milford,"106 Milford Street, Suite 601, Salisbury, MD",Salisbury,MD,PT,False,True,False,38.3373838,-75.6015429,"106 MILFORD STREET, SUITE 601, SALISBURY, MD"
Aqua Care Physical Therapy-Millville,"38069 Town Center Drive, Unit 15, Millville, DE",Millville,DE,PT,False,True,False,38.5455176,-75.1082055,"38069 TOWN CENTER DRIVE, UNIT 15, MILLVILLE, DE"
Aqua Care Physical Therapy-Salisbury (Center for Pelvic Floor Therapy),"659 S Salisbury Blvd #1b, Salibury, MD",Salibury,MD,PT,False,True,False,38.3585151,-75.5993546,"659 S SALISBURY BLVD #1B, SALIBURY, MD"
Aqua Care Physical Therapy-Seaford,"15 Fallon Avenue, Seaford, DE",Seaford,DE,PT,False,True,False,38.6591044,-75.5998419,"15 FALLON AVENUE, SEAFORD, DE"
ARC Jefferson - St. Lawrence,"Commerce Lane, Canton, NY",Canton,NY,OT,True,False,False,44.5911846,-75.181268,"COMMERCE LANE, CANTON, NY"
ARC Lexington,"127 E. State Street, Gloversville, NY",Gloversville,NY,OT,True,False,False,43.0702752,-74.3281128,"127 E. STATE STREET, GLOVERSVILLE, NY"
Arc Wayne,"150 Van Buren Street, Newark, NY",Newark,NY,"PT, PA, OT",True,True,True,43.048069,-77.093609,"150 VAN BUREN STREET, NEWARK, NY"
Arcadia Desert Hand and  Physical Therapy,"3104 East Indian School Road, Phoenix, AZ",Phoenix,AZ,PT,False,True,False,33.495395,-112.0156204,"3104 EAST INDIAN SCHOOL ROAD, PHOENIX, AZ"
Arnot Ogden Medical Center,"600 Roe Avenue, Elmira, NY",Elmira,NY,PT,False,True,False,42.1001862,-76.8277675,"600 ROE AVENUE, ELMIRA, NY"
ArnotHealth,"123 Conhocton St, Corning, NY",Corning,NY,OT,True,False,False,42.1406524,-77.0412551,"123 CONHOCTON ST, CORNING, NY"
Ascend Rehab Inc,"29516 Kohutek Way, Union City, CA",Union City,CA,OT,True,False,False,37.6087626,-122.0807485,"29516 KOHUTEK WAY, UNION CITY, CA"
Ascension Wisconsin,"400 West River Woods Parkway, Glendale, WI",Glendale,WI,"OT, PT",True,True,False,43.1000177,-87.9120468,"400 WEST RIVER WOODS PARKWAY, GLENDALE, WI"
Associated Physical and Occupational Therapy,"3767 Delaware Ave, Kenmore, NY",Kenmore,NY,"OT, PT, PA",True,True,True,42.9869424,-78.8726496,"3767 DELAWARE AVE, KENMORE, NY"
Athletico,"Resource Center – Clinical Excellence 2122 York Road, Suite 300, Oak Brook, IL",Oak Brook,IL,"PT, OT",True,True,False,41.8480716,-87.9306067,"RESOURCE CENTER – CLINICAL EXCELLENCE 2122 YORK ROAD, SUITE 300, OAK BROOK, IL"
ATI,"2001 Butterfield Rd, Downer's Grove, IL",Downer's Grove,IL,PT,False,True,False,41.8310479,-88.034016,"2001 BUTTERFIELD RD, DOWNER'S GROVE, IL"
ATI Physical Therapy,"790 Remington Blvd, Bolingbrook, IL",Bolingbrook,IL,PT,False,True,False,41.6784765,-88.09783,"790 REMINGTON BLVD, BOLINGBROOK, IL"
Atlantic General Hospital,"9733 Healthway Drive, Berlin, MD",Berlin,MD,PT,False,True,False,38.3396404,-75.2115477,"9733 HEALTHWAY DRIVE, BERLIN, MD"
Atlantic Health,"475 South St, Morristown, NJ",Morristown,NJ,OT,True,False,False,40.7728861,-74.46944890000002,"475 SOUTH ST, MORRISTOWN, NJ"
Atlantic Heatlh,"100 Madison Avenue, Morristown, NJ",Morristown,NJ,PT,False,True,False,40.7894519,-74.4658709,"100 MADISON AVENUE, MORRISTOWN, NJ"
Atlas Physical  Therapy,"700 17th St #675, Denver, CO",Denver,CO,PT,False,True,False,39.7461422,-104.9914729,"700 17TH ST #675, DENVER, CO"
Atlas ProMedica,"333 N. Summit St., Toledo, OH",Toledo,OH,"OT, PT, PA",True,True,True,41.6521245,-83.5337758,"333 N. SUMMIT ST., TOLEDO, OH"
Aurora Health,"2999 N Mayfair Rd, Suite 300, Wauwatosa, WI",Wauwatosa,WI,"OT, PT",True,True,False,43.0725194,-88.0485202,"2999 N MAYFAIR RD, SUITE 300, WAUWATOSA, WI"
Aveanna Healthcare,"400 Interstate North Pkwy SE, Suite 1600, Atlanta, GA",Atlanta,GA,PT,False,True,False,33.8942953,-84.4559939,"400 INTERSTATE NORTH PKWY SE, SUITE 1600, ATLANTA, GA"
"Back to Independence Rehab, LLC","4801 Chastain Ave, STE 194, Charlotte, NC",Charlotte,NC,OT,True,False,False,35.1765735,-80.8813942,"4801 CHASTAIN AVE, STE 194, CHARLOTTE, NC"
Balance Physical Therapy- Monterey Clinic,"2260 N Fremont Street, Monterey, CA",Monterey,CA,PT,False,True,False,36.596691,-121.8564834,"2260 N FREMONT STREET, MONTEREY, CA"
Baptist Health Care Corporation,"910 W. Blount Street, Pensacola, FL",Pensacola,FL,PT,False,True,False,30.427814,-87.2300503,"910 W. BLOUNT STREET, PENSACOLA, FL"
Baptist Health South Florida,"6855 Red Rd, Coral gables, FL",Coral gables,FL,PT,False,True,False,25.7056929,-80.28518,"6855 RED RD, CORAL GABLES, FL"
BAPTIST Hospital Pensacola,"1000 West Moreno Street, P.O. Box 17500, Pensacola, FL",Pensacola,FL,PT,False,True,False,30.4297156,-87.2320577,"1000 WEST MORENO STREET, P.O. BOX 17500, PENSACOLA, FL"
Barrett Plastic Surgery,"9701 Wilshire Blvd, MLI 1, Beverly Hills, CA",Beverly Hills,CA,PA,False,False,True,34.0674823,-118.406589,"9701 WILSHIRE BLVD, MLI 1, BEVERLY HILLS, CA"
Bassett Healthcare,"136 Parkway Drive, Cobleskill, NY",Cobleskill,NY,PA,False,False,True,42.6870507,-74.4803092,"136 PARKWAY DRIVE, COBLESKILL, NY"
Bassett Medical Center,"1 Atwell Rd, Cooperstown, NY",Cooperstown,NY,"PT, OT",True,True,False,42.6957596,-74.9234347,"1 ATWELL RD, COOPERSTOWN, NY"
Bay Rehabilitation,"1520 West Beverly Boulevard, Montebello, CA",Montebello,CA,PT,False,True,False,34.0194752,-118.1153496,"1520 WEST BEVERLY BOULEVARD, MONTEBELLO, CA"
Baycare,"3001 West Dr. Martin Luther King Jr. Blvd., Tampa, FL",Tampa,FL,PT,False,True,False,27.9820619,-82.4921115,"3001 WEST DR. MARTIN LUTHER KING JR. BLVD., TAMPA, FL"
BayCare Behavioral Health- Morton Plant Hospital,"300 Pinellas St, Clearwater, FL",Clearwater,FL,PT,False,True,False,27.9531808,-82.80412299999999,"300 PINELLAS ST, CLEARWATER, FL"
Baylor Scott and White Institute for Rehabilitation,"411 N. Washington, Suite 4000, Dallas, TX",Dallas,TX,PT,False,True,False,32.788747,-96.7763116,"411 N. WASHINGTON, SUITE 4000, DALLAS, TX"
Baystate Health Rehabilitation Services,"48 Sanderson Street, Greenfield, MA",Greenfield,MA,PT,False,True,False,42.5947061,-72.5940296,"48 SANDERSON STREET, GREENFIELD, MA"
Baystate Medical Group,"759 Chestnut Street, Springfield, MA",Springfield,MA,PT,False,True,False,42.1197606,-72.6032674,"759 CHESTNUT STREET, SPRINGFIELD, MA"
Beach NY Physical Therapy,"119-15 Rockaway Beach Blvd., Rockaway Park, Queens, NY","Rockaway Park, Queens",NY,PT,False,True,False,40.5785977,-73.8402419,"119-15 ROCKAWAY BEACH BLVD., ROCKAWAY PARK, QUEENS, NY"
Beachside Therapy,"7341 Office Park PL, Suite 102, Melbourne, FL",Melbourne,FL,PT,False,True,False,28.2318781,-80.71161959999999,"7341 OFFICE PARK PL, SUITE 102, MELBOURNE, FL"
Bearfoot Occupational Therapy,"584 Castro St #287, San Francisco, CA",San Francisco,CA,OT,True,False,False,37.7595924,-122.4352459,"584 CASTRO ST #287, SAN FRANCISCO, CA"
BeeBe Healthcare,"32550 Doc's Place, Unit 7, Millville, DE",Millville,DE,PT,False,True,False,38.5495569,-75.12323909999999,"32550 DOC'S PLACE, UNIT 7, MILLVILLE, DE"
Beekmantown Central School District,"37 Eagle Way, West Chazy, NY",West Chazy,NY,"PT, OT",True,True,False,44.7734658,-73.48980399999999,"37 EAGLE WAY, WEST CHAZY, NY"
Behavioral Health Center at EIRMC,"2860 Channing Way, Idaho Falls, ID",Idaho Falls,ID,OT,True,False,False,43.4706589,-111.9930845,"2860 CHANNING WAY, IDAHO FALLS, ID"
Belkys Bravo MD: Pediatrics,"1920 Coral Way, Miami, FL",Miami,FL,PA,False,False,True,25.7504708,-80.22657629999999,"1920 CORAL WAY, MIAMI, FL"
Benchmark Family Services,"1635 Ohio Street, Watertown, NY",Watertown,NY,OT,True,False,False,43.9708666,-75.8808172,"1635 OHIO STREET, WATERTOWN, NY"
Benchmark Physical Therapy,"1200 Corporate Dr, Suite 400, Birmingham, AL",Birmingham,AL,"PT, OT",True,True,False,33.41546880000001,-86.68102069999999,"1200 CORPORATE DR, SUITE 400, BIRMINGHAM, AL"
Beverly Hills Dermatology Consultants,"433 N. Camden Dr. #805, Beverly Hills, CA",Beverly Hills,CA,PA,False,False,True,34.069364,-118.405142,"433 N. CAMDEN DR. #805, BEVERLY HILLS, CA"
Beyond Learning Center,"2049 George Urban  Blvd, Depew, NY",Depew,NY,"OT, PT, PA",True,True,True,42.9180713,-78.7342838,"2049 GEORGE URBAN BLVD, DEPEW, NY"
Beyond Therapy and Wellness,"1248 Harwood Road, Bedford, TX",Bedford,TX,PT,False,True,False,32.8525182,-97.1494385,"1248 HARWOOD ROAD, BEDFORD, TX"
"Big Stone Therapies- Montague, MI","9219 Water Street, Montague, MI",Montague,MI,PT,False,True,False,43.4260723,-86.3490999,"9219 WATER STREET, MONTAGUE, MI"
"Big Stone Therapies, Inc.","500 Cross St, Big Stone City, SD",Big Stone City,SD,"PT, OT",True,True,False,45.298432,-96.47154499999999,"500 CROSS ST, BIG STONE CITY, SD"
BOCES,"St. Lawrence-Lewis BOCES, Educational Services Center, P.O. Box 231- 40 West Main Street, Canton, NY",Canton,NY,PT,False,True,False,44.595375,-75.1816024,"ST. LAWRENCE-LEWIS BOCES, EDUCATIONAL SERVICES CENTER, P.O. BOX 231- 40 WEST MAIN STREET, CANTON, NY"
BodyCentral Physical Therapy- Mesa,"2051 S Dobson Road, Mesa, AZ",Mesa,AZ,PT,False,True,False,33.376773,-111.8775857,"2051 S DOBSON ROAD, MESA, AZ"
Bolduc Physical Therapy/Aquatic Therapy and Sports Medicine,"11135 Jog Rd, Stuie 1, Boynton Beach, FL",Boynton Beach,FL,PT,False,True,False,26.510844,-80.147858,"11135 JOG RD, STUIE 1, BOYNTON BEACH, FL"
Borealis Dermatology,"400 Garden Curt Plaza, Suite111, Garden City, NY",Garden City,NY,PA,False,False,True,40.7267682,-73.6342954,"400 GARDEN CURT PLAZA, SUITE111, GARDEN CITY, NY"
Boston IVF,"399 Albany Shaker Rd., Loudonville, NY",Loudonville,NY,PA,False,False,True,42.6974125,-73.7676862,"399 ALBANY SHAKER RD., LOUDONVILLE, NY"
Boston Sports Medicine,"259 Elm Street, Somerville, MA",Somerville,MA,PT,False,True,False,42.3958538,-71.1217813,"259 ELM STREET, SOMERVILLE, MA"
Bradford Regional Medical Center,"116 Interstate Parkway, Bradford, PA",Bradford,PA,"PT, OT",True,True,False,41.9608925,-78.6592874,"116 INTERSTATE PARKWAY, BRADFORD, PA"
Breakthru,"200 Tuckerton Rd, Suite 17, Medford, NJ",Medford,NJ,PT,False,True,False,39.869811,-74.8481123,"200 TUCKERTON RD, SUITE 17, MEDFORD, NJ"
Brevard Public School District,"2700 Judge Fran Jamieson Way, Viera, FL",Viera,FL,OT,True,False,False,28.2481863,-80.73667999999999,"2700 JUDGE FRAN JAMIESON WAY, VIERA, FL"
Brigham and Women's Hospital Boston,"75 Francis Street, Chestnut Hill, MA",Chestnut Hill,MA,PT,False,True,False,42.3328668,-71.1727583,"75 FRANCIS STREET, CHESTNUT HILL, MA"
Brighton Medical Associates,"182 Intrepid Ln, Syracuse, NY",Syracuse,NY,PA,False,False,True,43.0021865,-76.127952,"182 INTREPID LN, SYRACUSE, NY"
Brookdale Hospital Medical Center,"One Brookdale Plaza, Brooklyn, NY",Brooklyn,NY,"PA, PT, OT",True,True,True,40.6548559,-73.9116654,"ONE BROOKDALE PLAZA, BROOKLYN, NY"
Bryant & Stratton College OTA Program - Syracuse Campus,"953 James St, Syracuse, NY",Syracuse,NY,OT,True,False,False,43.0589909,-76.1368423,"953 JAMES ST, SYRACUSE, NY"
Bucks County Intermediate Unit #22,"705 N. Shady Retreat Road, Doylestown, PA",Doylestown,PA,OT,True,False,False,40.3186979,-75.1408628,"705 N. SHADY RETREAT ROAD, DOYLESTOWN, PA"
"Burger Rehabilitation Systems, Inc.","1301 East Bridewell Street, Suite #201, Folsom, CA",Folsom,CA,PT,False,True,False,38.6719495,-121.1612945,"1301 EAST BRIDEWELL STREET, SUITE #201, FOLSOM, CA"
Burke Rehabilitation Hospital,"785 Mamaroneck Avenue, White Plains, NY",White Plains,NY,PT,False,True,False,41.0175047,-73.75234259999999,"785 MAMARONECK AVENUE, WHITE PLAINS, NY"
California Pacific Medical Center-Sutter West Bay Hospitals,"2360 Clay Street, San Francisco, CA",San Francisco,CA,PT,False,True,False,37.7912483,-122.4321146,"2360 CLAY STREET, SAN FRANCISCO, CA"
Candler Hospital,"5353 Reynolds St, Savannah, GA",Savannah,GA,OT,True,False,False,32.0281096,-81.1003993,"5353 REYNOLDS ST, SAVANNAH, GA"
Canton Central School District,"99 State Street, Canton, NY",Canton,NY,"PT, OT",True,True,False,44.605815,-75.1683735,"99 STATE STREET, CANTON, NY"
Canton Potsdam Hospital,"50 Leroy Street, Potsdam, NY",Potsdam,NY,OT,True,False,False,44.6765721,-74.98255,"50 LEROY STREET, POTSDAM, NY"
Canyon Vista Medical Center,"5700 E Hwy 90, Sierra Vista, AZ",Sierra Vista,AZ,OT,True,False,False,31.5527114,-110.2300398,"5700 E HWY 90, SIERRA VISTA, AZ"
Cape Cod Orthodpaedics Physical Therapy,"130 North St. Lower Level East, Hyannis, MA",Hyannis,MA,PT,False,True,False,41.65308,-70.2877894,"130 NORTH ST. LOWER LEVEL EAST, HYANNIS, MA"
Cape Fear Valley Medical Center,"1638 Owen Dr, Fayetteville, NC",Fayetteville,NC,OT,True,False,False,35.0314494,-78.93289039999999,"1638 OWEN DR, FAYETTEVILLE, NC"
Capital Area Physical Therapy & Wellness,"Parade Ground Village , 7 Hemphill Place, Suite 130, Malta, NY",Malta,NY,PT,False,True,False,42.9690767,-73.79011349999999,"PARADE GROUND VILLAGE , 7 HEMPHILL PLACE, SUITE 130, MALTA, NY"
Capital Cardiology Associates,"7 Southwoods Blvd, Albany, NY",Albany,NY,PA,False,False,True,42.6837413,-73.7712177,"7 SOUTHWOODS BLVD, ALBANY, NY"
Capital City Therapy Group,"720 Old Cherokee Rd, Lexington, SC",Lexington,SC,OT,True,False,False,34.0102024,-81.2461313,"720 OLD CHEROKEE RD, LEXINGTON, SC"
Carilion Children's Pediatric Therapy,"101 Elm Ave 2nd floor, Roanoke, VA",Roanoke,VA,PT,False,True,False,37.266206,-79.93967529999999,"101 ELM AVE 2ND FLOOR, ROANOKE, VA"
Carolina Physical Therapy and Sports Medicine-Columbia,"1514 Pickens Street, Columbia, SC",Columbia,SC,PT,False,True,False,34.0080092,-81.028855,"1514 PICKENS STREET, COLUMBIA, SC"
Carthage Area Hospital,"1001 West Street, Carthage, NY",Carthage,NY,"PA, OT, PT",True,True,True,43.9871884,-75.5941331,"1001 WEST STREET, CARTHAGE, NY"
Cary Medical Center &Rehab Services,"163 Van Buren Rd., Suite 1, Caribou, ME",Caribou,ME,PT,False,True,False,46.8795873,-68.00832,"163 VAN BUREN RD., SUITE 1, CARIBOU, ME"
Catawba Hospital,"5525 Catawba Hospital Dr., Catawba, VA",Catawba,VA,"PT, OT",True,True,False,37.391796,-80.1104041,"5525 CATAWBA HOSPITAL DR., CATAWBA, VA"
Cayuga Medical Center,"101 Dates Drive, Ithaca, NY",Ithaca,NY,PT,False,True,False,42.4690356,-76.53744309999999,"101 DATES DRIVE, ITHACA, NY"
Center for Discovery,"641 Old Route 17, Monticello, NY",Monticello,NY,"PT, PA, OT",True,True,True,41.6980228,-74.73323060000001,"641 OLD ROUTE 17, MONTICELLO, NY"
Centers for Advanced Orthopedics,"6707 Democracy Boulevard,, Suite 504, Bethesda, MD",Bethesda,MD,PT,False,True,False,39.0231444,-77.1378204,"6707 DEMOCRACY BOULEVARD,, SUITE 504, BETHESDA, MD"
Centra Health/Lynchburg General Hospital,"1901 Tate Springs Road, Lynchburg, VA",Lynchburg,VA,PT,False,True,False,37.4158905,-79.17113669999999,"1901 TATE SPRINGS ROAD, LYNCHBURG, VA"
Central Maine Medical Center,"300 Main St., Lewiston, ME",Lewiston,ME,PT,False,True,False,44.1021568,-70.2145298,"300 MAIN ST., LEWISTON, ME"
Central New York Developmental Disabilities Services,"6007 FairLakes Rd East Syracuse, North Syracuse, NY",North Syracuse,NY,PT,False,True,False,43.0932526,-76.0704296,"6007 FAIRLAKES RD EAST SYRACUSE, NORTH SYRACUSE, NY"
Central Vermont Medical Center (CVMC),"null, P.O. Box 547, Barre, VT",Barre,VT,PT,False,True,False,44.1966858,-72.5013944,"NULL, P.O. BOX 547, BARRE, VT"
Centura,"9100 E Mineral Circle, Centennial, CO",Centennial,CO,PT,False,True,False,39.5752155,-104.8823614,"9100 E MINERAL CIRCLE, CENTENNIAL, CO"
Centura - Common Spirit,"6901 S. Havana St., Centennial, CO",Centennial,CO,PA,False,False,True,39.589832,-104.8691607,"6901 S. HAVANA ST., CENTENNIAL, CO"
Cerebral Palsy Association of the North Country,"4 Commerce Lane, Canton, NY",Canton,NY,OT,True,False,False,44.5899048,-75.1781685,"4 COMMERCE LANE, CANTON, NY"
Champion PT & Performance,"110-2 Clematis Ave, Waltham, MA",Waltham,MA,PT,False,True,False,42.38333979999999,-71.2010284,"110-2 CLEMATIS AVE, WALTHAM, MA"
Champlain Valley Physician Hospital,"75 Beekman St, Plattsburgh, NY",Plattsburgh,NY,"PT, OT",True,True,False,44.7009651,-73.4693329,"75 BEEKMAN ST, PLATTSBURGH, NY"
CHC Learning Center,"1085 Ebbert Rd, Buffalo, NY",Buffalo,NY,"OT, PA, PT",True,True,True,42.88690039999999,-78.8788896,"1085 EBBERT RD, BUFFALO, NY"
CHI/Fransician Network,"1145 Broadway, Puget Sound, WA",Puget Sound,WA,PT,False,True,False,47.2514978,-122.4394898,"1145 BROADWAY, PUGET SOUND, WA"
Chicago White Sox,"10710 W Camelback Rd, Phoenix, AZ",Phoenix,AZ,PT,False,True,False,33.5146537,-112.2967633,"10710 W CAMELBACK RD, PHOENIX, AZ"
Child Development and Rehab Center,"901 E 18th, Eugene, OR",Eugene,OR,PT,False,True,False,44.04051159999999,-123.0792351,"901 E 18TH, EUGENE, OR"
Children's Hospital of the King's Daughters (CHKD),"601 Children's Lane, Norfolk, VA",Norfolk,VA,"PT, OT",True,True,False,36.8626168,-76.3017886,"601 CHILDREN'S LANE, NORFOLK, VA"
Children's Hospital of The King's Daughters (CHKD) - Lightfoot Health Center,"6425 Richmond Rd, Williamsburg, VA",Williamsburg,VA,"OT, PT",True,True,False,37.34003500000001,-76.7565718,"6425 RICHMOND RD, WILLIAMSBURG, VA"
Children's Therapy,"2795 Pilot Knob Rd, Eagan, MN",Eagan,MN,OT,True,False,False,44.8554439,-93.1681098,"2795 PILOT KNOB RD, EAGAN, MN"
Children's Therapy Network,"171 Intrepid Lane, Syracuse, NY",Syracuse,NY,PT,False,True,False,43.0036444,-76.1275404,"171 INTREPID LANE, SYRACUSE, NY"
Christiana Care Health System,"iLEAD, Riverside Medical Arts Complex, Suties 101, 700 W. Lea Blvd., Wilmington, DE",Wilmington,DE,"PT, OT",True,True,False,39.7679291,-75.5303836,"ILEAD, RIVERSIDE MEDICAL ARTS COMPLEX, SUTIES 101, 700 W. LEA BLVD., WILMINGTON, DE"
Citizen Advocates,"31 Sixth Street, Malone, NY",Malone,NY,OT,True,False,False,44.8611338,-74.2906605,"31 SIXTH STREET, MALONE, NY"
Clarkson University,"8 Clarkson Ave, Potsdam, NY",Potsdam,NY,"PA, OT",True,False,True,44.6647724,-74.9932733,"8 CLARKSON AVE, POTSDAM, NY"
Claxton Hepburn Medical Center,"214 King Street, Ogdensburg, NY",Ogdensburg,NY,"PA, OT, PT",True,True,True,44.6916386,-75.4997654,"214 KING STREET, OGDENSBURG, NY"
Claxton Hepburn Outpatient Clinic,"39 West Main Street, Canton, NY",Canton,NY,PT,False,True,False,44.5942944,-75.1800717,"39 WEST MAIN STREET, CANTON, NY"
Clearview Eye and Laser Medical Center,"6255 Lusk Blvd #100, San Diego, CA",San Diego,CA,PA,False,False,True,32.9018328,-117.1958411,"6255 LUSK BLVD #100, SAN DIEGO, CA"
Cleveland Clinic Florida,"2950 Cleveland Clinic Boulevard, Weston, FL",Weston,FL,PA,False,False,True,26.0817044,-80.3638761,"2950 CLEVELAND CLINIC BOULEVARD, WESTON, FL"
Clifton Fine Hospital,"1014 Oswegatchie Trail, PO Box 10, Star Lake, NY",Star Lake,NY,PT,False,True,False,44.1624456,-75.0563056,"1014 OSWEGATCHIE TRAIL, PO BOX 10, STAR LAKE, NY"
CNY Family Care,"4939 Brittonfield Pkwy, East Syracuse, NY",East Syracuse,NY,PA,False,False,True,43.1014578,-76.0587003,"4939 BRITTONFIELD PKWY, EAST SYRACUSE, NY"
Cobalt Rehab - Houston Heights,"1917 Ashland Street, 4th Floor, Houston, TX",Houston,TX,OT,True,False,False,29.8036248,-95.4043057,"1917 ASHLAND STREET, 4TH FLOOR, HOUSTON, TX"
Cobleskill Regional Hospital,"178 Grandview Drive, Cobleskill, NY",Cobleskill,NY,PT,False,True,False,42.6869094,-74.4819969,"178 GRANDVIEW DRIVE, COBLESKILL, NY"
Colton-Pierrepont Central School,"4921 SH 56, Colton, NY",Colton,NY,OT,True,False,False,44.55752330000001,-74.9479351,"4921 SH 56, COLTON, NY"
Colton-Pierrepont Central School,"4921 NY-56, Colton, NY",Colton,NY,OT,True,False,False,44.55752330000001,-74.9479351,"4921 NY-56, COLTON, NY"
Columbia PT,"3 Springhurst Drive, Suite 1, East Greenbush, NY",East Greenbush,NY,PT,False,True,False,42.58588210000001,-73.699164,"3 SPRINGHURST DRIVE, SUITE 1, EAST GREENBUSH, NY"
Community Care Physicians P.C.,"711 Troy Schenectady Rd, Lathem, NY",Lathem,NY,PA,False,False,True,42.7580957,-73.77683549999999,"711 TROY SCHENECTADY RD, LATHEM, NY"
Community Health Center of the North Country,"4 Commerce Lane, Canton, NY",Canton,NY,"OT, PA",True,False,True,44.5899048,-75.1781685,"4 COMMERCE LANE, CANTON, NY"
Community Memorial Hospital,"150 Broad Street, Hamilton, NY",Hamilton,NY,PT,False,True,False,42.8132523,-75.5431833,"150 BROAD STREET, HAMILTON, NY"
Competitive Edge,"3105 W Bay to Bay Blvd, Tampa, FL",Tampa,FL,"PT, OT",True,True,False,27.9198644,-82.4939514,"3105 W BAY TO BAY BLVD, TAMPA, FL"
"Concentra ERIE, PA","3010 West Lake Rd, Erie, PA",Erie,PA,PT,False,True,False,42.1039907,-80.152694,"3010 WEST LAKE RD, ERIE, PA"
Concentra Health Services d/b/a Concentra Medical Centers,"5080 Spectrum Drive, #1200W, Addison, TX",Addison,TX,PT,False,True,False,32.9546769,-96.82378489999999,"5080 SPECTRUM DRIVE, #1200W, ADDISON, TX"
Confluent Health,"1650 Lyndon Farm Ct , 0223, Louisville, KY",Louisville,KY,PT,False,True,False,38.2703173,-85.571501,"1650 LYNDON FARM CT , 0223, LOUISVILLE, KY"
Cora Physical Therapy,"3745 Shawnee Rd., Ste. 103, Lima, OH",Lima,OH,PT,False,True,False,40.6853346,-84.149987,"3745 SHAWNEE RD., STE. 103, LIMA, OH"
CORA Physical Therapy,"1819 Clinch Avenue, Suite 106, Knoxville, TN",Knoxville,TN,PT,False,True,False,35.9578831,-83.935969,"1819 CLINCH AVENUE, SUITE 106, KNOXVILLE, TN"
Cornell Cooperative Extension,"2043B NY-68, #4453, Canton, NY",Canton,NY,OT,True,False,False,44.5769879,-75.1102851,"2043B NY-68, #4453, CANTON, NY"
CP of Middlesex Co. Lakeview School,"10 Oak Dr. Roosevelt Pk, Edison, NJ",Edison,NJ,PT,False,True,False,40.5525579,-74.34300259999999,"10 OAK DR. ROOSEVELT PK, EDISON, NJ"
CP Rochester,"3399 Winton Road, Rochester, NY",Rochester,NY,"OT, PT, PA",True,True,True,43.0829232,-77.58191099999999,"3399 WINTON ROAD, ROCHESTER, NY"
"CPRS Physical Therapy (Family Practice Center, P.C. dba CPRS Physical Therapy)","3100 Willow Street Pike, Willow Street, PA",Willow Street,PA,PT,False,True,False,39.9646958,-76.272251,"3100 WILLOW STREET PIKE, WILLOW STREET, PA"
Crouse Hospital,"736 Irving Ave, Syracuse, NY",Syracuse,NY,PT,False,True,False,43.04141509999999,-76.1383371,"736 IRVING AVE, SYRACUSE, NY"
Crouse Medical Center,"739 Irving Ave, Syracuse, NY",Syracuse,NY,PA,False,False,True,43.04098339999999,-76.1372499,"739 IRVING AVE, SYRACUSE, NY"
Cutting Edge- West Richmond,"2390 National Road, West Richmond, IN",West Richmond,IN,PT,False,True,False,39.82537809999999,-84.9335435,"2390 NATIONAL ROAD, WEST RICHMOND, IN"
"Cyprus Health Partners, LLC","703 Granite Street  Braintree, Braintree, MA",Braintree,MA,PT,False,True,False,42.207311,-71.0224339,"703 GRANITE STREET BRAINTREE, BRAINTREE, MA"
Dacula Physio,"3605 Braselton Hwy, Suite 101, Dacula, GA",Dacula,GA,PT,False,True,False,34.0687873,-83.90556289999999,"3605 BRASELTON HWY, SUITE 101, DACULA, GA"
Dan Wyand PT & Associates/ Northeastern Vermont Regional Hospital,"97 Sherman Drive, Suite 2, St. Johnsbury, VT",St. Johnsbury,VT,PT,False,True,False,44.4463838,-72.01232639999999,"97 SHERMAN DRIVE, SUITE 2, ST. JOHNSBURY, VT"
Danville State Hospital,"50 Kirkbride Drive, Danville, PA",Danville,PA,OT,True,False,False,40.9488689,-76.59550689999999,"50 KIRKBRIDE DRIVE, DANVILLE, PA"
DeePT,"23 San Remo Drive, So. Burlington, VT",So. Burlington,VT,PT,False,True,False,44.4618753,-73.17925770000001,"23 SAN REMO DRIVE, SO. BURLINGTON, VT"
Delaware Valley Physical Therapy Associates,"123 Franklin Corner Road, Lawrenceville, NJ",Lawrenceville,NJ,PT,False,True,False,40.2794732,-74.7158686,"123 FRANKLIN CORNER ROAD, LAWRENCEVILLE, NJ"
Denver Health - ACUTE Center for Eating Disorders,"732 Delaware St, Fl 3, Denver, CO",Denver,CO,OT,True,False,False,39.7278188,-104.9926313,"732 DELAWARE ST, FL 3, DENVER, CO"
Dessert Valley Pediatric Therapy,"4350 E Ray Rd  Building 1 Suite 101A, Phoenix, AZ",Phoenix,AZ,PT,False,True,False,33.3207798,-111.9904885,"4350 E RAY RD BUILDING 1 SUITE 101A, PHOENIX, AZ"
Developmental Disabilities Association of New Jersey Inc.,"40 Woodbridge Ave, Sewaren, NJ",Sewaren,NJ,OT,True,False,False,40.5519921,-74.25932890000001,"40 WOODBRIDGE AVE, SEWAREN, NJ"
DeWitt Physical Therapy,"2724 Soquel Ave., Suite B, Santa Cruz, CA",Santa Cruz,CA,PT,False,True,False,36.98525,-121.989304,"2724 SOQUEL AVE., SUITE B, SANTA CRUZ, CA"
Dignity Health  - California,"1700 Tribute Road, Ste 100, Sacramento, CA",Sacramento,CA,PA,False,False,True,38.595507,-121.4461614,"1700 TRIBUTE ROAD, STE 100, SACRAMENTO, CA"
Doctors Hospital Limited (Bahamas),"1 Collins Ave, Nassau, Outside United States",Nassau,Outside United States,PT,False,True,False,40.7548331,-73.6497301,"1 COLLINS AVE, NASSAU, OUTSIDE UNITED STATES"
Double H Ranch,"97 Hidden Valley Road, Lake Luzerne, NY",Lake Luzerne,NY,OT,True,False,False,43.3751756,-73.7908073,"97 HIDDEN VALLEY ROAD, LAKE LUZERNE, NY"
Downtown Brooklyn Nursing and Rehab,"727 Crasson Avenue, Brooklyn, NY",Brooklyn,NY,OT,True,False,False,40.7013433,-73.9731429,"727 CRASSON AVENUE, BROOKLYN, NY"
Dr. Robert Rosen Dermatology,"780 Route 37 West, suite 240, Toms River, NJ",Toms River,NJ,PA,False,False,True,39.9714653,-74.2346337,"780 ROUTE 37 WEST, SUITE 240, TOMS RIVER, NJ"
"Duluth Family Practice , LLC","4470 Satellite Blvd,,  Suite 204, Duluth, GA",Duluth,GA,PA,False,False,True,33.9433133,-84.15843459999999,"4470 SATELLITE BLVD,, SUITE 204, DULUTH, GA"
E.J. Noble Hospital - Alexandria Bay,"19 Fuller Street, Alexandria Bay, NY",Alexandria Bay,NY,PT,False,True,False,44.3362303,-75.9222635,"19 FULLER STREET, ALEXANDRIA BAY, NY"
East Coast Audiology and Physical Therapy,"53-59 Public Square, Suite 202, Watertown, NY",Watertown,NY,PT,False,True,False,43.9750666,-75.9097135,"53-59 PUBLIC SQUARE, SUITE 202, WATERTOWN, NY"
East End Occupational Therapy,"700-3 Union Parkway, Ronkonkoma, NY",Ronkonkoma,NY,OT,True,False,False,40.79100469999999,-73.12122219999999,"700-3 UNION PARKWAY, RONKONKOMA, NY"
East Hawaii Region,"1190 Waianuenue Ave, Hilo, HI",Hilo,HI,PA,False,False,True,19.7184474,-155.1143977,"1190 WAIANUENUE AVE, HILO, HI"
ECLC of NJ,"302 Franklin Turnpike, Ho-Ho-Kus, NJ",Ho-Ho-Kus,NJ,OT,True,False,False,41.0071326,-74.11502159999999,"302 FRANKLIN TURNPIKE, HO-HO-KUS, NJ"
Edna Mahan(Rutgers) Correctional Facility for Women,"30 County, Route 513, Clinton, NJ",Clinton,NJ,OT,True,False,False,40.6296767,-74.9336518,"30 COUNTY, ROUTE 513, CLINTON, NJ"
Eduglobal Associates,"null, PO Box 2038, Indiana, PA",Indiana,PA,PT,False,True,False,40.6214551,-79.15253489999999,"NULL, PO BOX 2038, INDIANA, PA"
Edward Hospital,"120 Osler, Naperville, IL",Naperville,IL,PT,False,True,False,41.7508391,-88.1535352,"120 OSLER, NAPERVILLE, IL"
Edwardsville IRA,"8582 SH 58, Hammond, NY",Hammond,NY,OT,True,False,False,44.5245197,-75.5938736,"8582 SH 58, HAMMOND, NY"
El Paso Westside VA Clinic,"1870 Northwestern Drive, El Paso, TX",El Paso,TX,PT,False,True,False,31.9018239,-106.5754957,"1870 NORTHWESTERN DRIVE, EL PASO, TX"
Elderwood,"4459 Bailey Avenue, Amherst, NY",Amherst,NY,OT,True,False,False,42.976664,-78.81353779999999,"4459 BAILEY AVENUE, AMHERST, NY"
Eliott Health System,"1 Elliot Way |, Manchester, NH",Manchester,NH,PA,False,False,True,42.9839528,-71.4373792,"1 ELLIOT WAY |, MANCHESTER, NH"
Elizabeth Seton Children's Center,"300 Corporate Boulevard South, Yonkers, NY",Yonkers,NY,"OT, PT",True,True,False,40.96808980000001,-73.8781162,"300 CORPORATE BOULEVARD SOUTH, YONKERS, NY"
Elizabethtown Community Hospital,"75 Park St, PO Box 277, Elizabethtown, NY",Elizabethtown,NY,"PT, OT, PA",True,True,True,44.21578110000001,-73.5960745,"75 PARK ST, PO BOX 277, ELIZABETHTOWN, NY"
Ellenville Regional Hospital,"10 Healthy Way, Ellenville, NY",Ellenville,NY,PA,False,False,True,41.73261189999999,-74.3789828,"10 HEALTHY WAY, ELLENVILLE, NY"
Elmwood Health Center,"2128 Elmwood Avenue, Buffalo, NY",Buffalo,NY,PT,False,True,False,42.9552296,-78.8794187,"2128 ELMWOOD AVENUE, BUFFALO, NY"
Empire Dermatology,"5823 Widewaters Pkwy, East Syracuse, NY",East Syracuse,NY,PA,False,False,True,43.05139519999999,-76.0619461,"5823 WIDEWATERS PKWY, EAST SYRACUSE, NY"
Empire Dermatology PLLC,"5823 Widewaters Pkwy, East Syracuse, NY",East Syracuse,NY,PA,False,False,True,43.05139519999999,-76.0619461,"5823 WIDEWATERS PKWY, EAST SYRACUSE, NY"
Encompass Health,"13460 N 67th Avenu, glendale, AZ",glendale,AZ,,False,False,False,33.6076387,-112.203853,"13460 N 67TH AVENU, GLENDALE, AZ"
Encompass Health,"9001 Liberty Parkway, Birmingham, AL",Birmingham,AL,PT,False,True,False,33.4773876,-86.70438419999999,"9001 LIBERTY PARKWAY, BIRMINGHAM, AL"
Encompass Health Glendale,"13460 N 67th Avenue, glendale, AZ",glendale,AZ,,False,False,False,33.6076387,-112.203853,"13460 N 67TH AVENUE, GLENDALE, AZ"
Encompass Health Glendale,"13460 N 67th Avenue, Glendale, AZ",Glendale,AZ,,False,False,False,33.6076387,-112.203853,"13460 N 67TH AVENUE, GLENDALE, AZ"
Encompass Health Glendale,"13460 North 67th Avenue, Glendale, AZ",Glendale,AZ,,False,False,False,33.6076387,-112.203853,"13460 NORTH 67TH AVENUE, GLENDALE, AZ"
Encompass Health Glendale,"13460 N 67th Avenue, Glendale, AZ",Glendale,AZ,PT,False,True,False,33.6076387,-112.203853,"13460 N 67TH AVENUE, GLENDALE, AZ"
"Encompass Health Glendale, AZ","13460 North 67th Avenue, Glendale, AZ",Glendale,AZ,,False,False,False,33.6076387,-112.203853,"13460 NORTH 67TH AVENUE, GLENDALE, AZ"
Encompass Health of Humble Texas,"19002 Mckay Drive, Humble, Tx",Humble,Tx,OT,True,False,False,29.9937596,-95.2768236,"19002 MCKAY DRIVE, HUMBLE, TX"
Encompass Health Rehabilitation - Northern Kentucky LLC,"201 Medical Village Drive, Edgewood, KY",Edgewood,KY,"PT, OT",True,True,False,39.0126785,-84.5669302,"201 MEDICAL VILLAGE DRIVE, EDGEWOOD, KY"
Encompass Health Rehabilitation Hospital of East Valley,"5652 E.Baseline Road, mesa, AZ",mesa,AZ,"PT, OT",True,True,False,33.3800419,-111.7096704,"5652 E.BASELINE ROAD, MESA, AZ"
Encompass Health Rehabilitation Hospital of Reading,"1623 Morgantown Road, Reading, PA",Reading,PA,PT,False,True,False,40.2885317,-75.92500299999999,"1623 MORGANTOWN ROAD, READING, PA"
Encompass Health Rehabilitation Hospital of Treasure Coast,"1600 37th Street, Vero Beach, FL",Vero Beach,FL,PT,False,True,False,27.6613287,-80.4004553,"1600 37TH STREET, VERO BEACH, FL"
Encompass Health Round Rock,"1400 Hesters Crossing Rd, Round Rock, TX",Round Rock,TX,OT,True,False,False,30.4835586,-97.6935537,"1400 HESTERS CROSSING RD, ROUND ROCK, TX"
Encompass Health Sunrise,"4399 N Nob Hill Rd, Sunrise, FL",Sunrise,FL,PT,False,True,False,26.1784061,-80.2847446,"4399 N NOB HILL RD, SUNRISE, FL"
Encompass Health Tucson,"2650 North Wyatt Drive, Tucson, AZ",Tucson,AZ,PT,False,True,False,32.2561092,-110.8832322,"2650 NORTH WYATT DRIVE, TUCSON, AZ"
Encompass Health-Scottsdale AZ,"9630 E.Shea Blvd., Scottsdale, AZ",Scottsdale,AZ,PT,False,True,False,33.5834031,-111.8728813,"9630 E.SHEA BLVD., SCOTTSDALE, AZ"
Epicenter Therapy Services,"612 East Main Street, Suite C, Bozeman, MT",Bozeman,MT,PT,False,True,False,45.6790514,-111.0277888,"612 EAST MAIN STREET, SUITE C, BOZEMAN, MT"
Erie County Medical Center,"462 Grider St, Buffalo, NY",Buffalo,NY,PA,False,False,True,42.9261978,-78.8334663,"462 GRIDER ST, BUFFALO, NY"
Erie County Medical Center,"462 Grider St, Buffalo, NY",Buffalo,NY,"PT, OT",True,True,False,42.9261978,-78.8334663,"462 GRIDER ST, BUFFALO, NY"
Evolution Sports Physiotherapy,"10540 York Rd, Suitet F, Cockeysville, MD",Cockeysville,MD,PT,False,True,False,39.4774228,-76.64311099999999,"10540 YORK RD, SUITET F, COCKEYSVILLE, MD"
Exceptional Kids and Family Therapies,"26121 US Route 11, Suite 1, Evan Mills, NY",Evan Mills,NY,"PA, OT, PT",True,True,True,44.0450731,-75.8387485,"26121 US ROUTE 11, SUITE 1, EVAN MILLS, NY"
Exeter Hospital,"Epping Regional Health Center, 212 Calef Highway, Epping, NH",Epping,NH,PT,False,True,False,43.038663,-71.06840319999999,"EPPING REGIONAL HEALTH CENTER, 212 CALEF HIGHWAY, EPPING, NH"
EXOS,"1020 Gulf Breeze Parkway, Gulf Breeze, FL",Gulf Breeze,FL,PT,False,True,False,30.3589289,-87.15813419999999,"1020 GULF BREEZE PARKWAY, GULF BREEZE, FL"
Fairway Physical Therapy,"573 S Main St, Central Square, NY",Central Square,NY,PT,False,True,False,43.2803514,-76.1453272,"573 S MAIN ST, CENTRAL SQUARE, NY"
Family Care PT,"2390 North Forest Road, Ste 3, Getzville, NY",Getzville,NY,PT,False,True,False,43.0089747,-78.77704779999999,"2390 NORTH FOREST ROAD, STE 3, GETZVILLE, NY"
Family Centered Services of Alaska,"1825 Marika Rd, Fairbanks, AL",Fairbanks,AL,"PT, OT",True,True,False,64.853888,-147.7633325,"1825 MARIKA RD, FAIRBANKS, AL"
Family First Therapy,"18115 N US HWY 41, Suite 800, Lutz, FL",Lutz,FL,OT,True,False,False,28.1366483,-82.46222600000002,"18115 N US HWY 41, SUITE 800, LUTZ, FL"
Family Practice Center,"310 Willow St Pike, Willow Street, PA",Willow Street,PA,PT,False,True,False,39.9807998,-76.2818612,"310 WILLOW ST PIKE, WILLOW STREET, PA"
Family Support Services,"85 Metro Park, Rochester, NY",Rochester,NY,OT,True,False,False,43.0970294,-77.6169178,"85 METRO PARK, ROCHESTER, NY"
Finger Lakes Development Disabilities Service Office,"620 Westfall Road, Rochester, NY",Rochester,NY,"OT, PT",True,True,False,43.11781910000001,-77.6057271,"620 WESTFALL ROAD, ROCHESTER, NY"
Fingerlakes Developmental Disabilities-Geneseo,"3220 Middle Cheshire Road, Canandaigua, NY",Canandaigua,NY,PT,False,True,False,42.8734896,-77.2920998,"3220 MIDDLE CHESHIRE ROAD, CANANDAIGUA, NY"
First Health Outpatient Rehabilitation Services,"12 Aviemore Dr, Pinehurst, NC",Pinehurst,NC,PT,False,True,False,35.20521190000001,-79.45160039999999,"12 AVIEMORE DR, PINEHURST, NC"
Fit Heart MD,"14411 Hamlin St., Van Nuys, CA",Van Nuys,CA,PA,False,False,True,34.1889312,-118.4470853,"14411 HAMLIN ST., VAN NUYS, CA"
FIT Physical Therapy- Overton,"475 N Moapa Valley Blvd, Overton, NV",Overton,NV,PT,False,True,False,36.5493463,-114.4536478,"475 N MOAPA VALLEY BLVD, OVERTON, NV"
Fitness Forum Physical Therapy,"Corporate Office: 621 Hiawatha Blvd W, Syracuse, NY",Syracuse,NY,PT,False,True,False,43.0627877,-76.1746254,"CORPORATE OFFICE: 621 HIAWATHA BLVD W, SYRACUSE, NY"
Fort Drum,"11050 Mt. Belvedere Blvd, Fort Drum, NY",Fort Drum,NY,OT,True,False,False,44.0599954,-75.81245299999999,"11050 MT. BELVEDERE BLVD, FORT DRUM, NY"
"Fort Drum, Guthrie PT Clinic","11050-A Mt. Belvedere Blvd., Fort Drum, NY",Fort Drum,NY,PT,False,True,False,44.0599954,-75.81245299999999,"11050-A MT. BELVEDERE BLVD., FORT DRUM, NY"
Four Seasons Dermatology,"354 Mountain View Drive, Colchester, VT",Colchester,VT,PA,False,False,True,44.5090619,-73.1837764,"354 MOUNTAIN VIEW DRIVE, COLCHESTER, VT"
Four Winds Behavioral Health,"30 Crescent Ave., Saratoga Springs, NY",Saratoga Springs,NY,PA,False,False,True,43.0575977,-73.784392,"30 CRESCENT AVE., SARATOGA SPRINGS, NY"
Fox Rehabilitation Services,"7 CARNEGIE PLAZA, CHERRY HILL, NJ",CHERRY HILL,NJ,PT,False,True,False,39.9176021,-74.96252129999999,"7 CARNEGIE PLAZA, CHERRY HILL, NJ"
Fox Rehabilitation Therapy Partners,"7 Carnegie Plaza, Cherry Hill, NJ",Cherry Hill,NJ,"PT, PA, OT",True,True,True,39.9176021,-74.96252129999999,"7 CARNEGIE PLAZA, CHERRY HILL, NJ"
FoxCare (Fox Hospital) Bassett Healthcare Network,"1 Foxcare Drive, Oneonta, NY",Oneonta,NY,PT,False,True,False,42.456269,-75.0291695,"1 FOXCARE DRIVE, ONEONTA, NY"
Fraser Pediatric therapy,"3333 University Ave SE, Minneapolis, MN",Minneapolis,MN,OT,True,False,False,44.9690393,-93.20982939999999,"3333 UNIVERSITY AVE SE, MINNEAPOLIS, MN"
"Frederick Sabido M.D., F.A.C.S","1551 Richmond Avenue, Suite 2a, Staten Island, NY",Staten Island,NY,PA,False,False,True,40.6100819,-74.15953019999999,"1551 RICHMOND AVENUE, SUITE 2A, STATEN ISLAND, NY"
Frontrange Hippotherapy,"10456 North Foothills Hwy, Longmont, CO",Longmont,CO,PT,False,True,False,40.1639878,-105.2687713,"10456 NORTH FOOTHILLS HWY, LONGMONT, CO"
FTG Physical Therapy-Lakemont,"4935 Lakemont Blvd. SE, Suite 4, Bellevue, WA",Bellevue,WA,PT,False,True,False,47.5579074,-122.1141912,"4935 LAKEMONT BLVD. SE, SUITE 4, BELLEVUE, WA"
Function Better PT PLLC,"3061 Rt 28, Herkimer, NY",Herkimer,NY,PT,False,True,False,43.0475708,-74.9863139,"3061 RT 28, HERKIMER, NY"
Fyzical LLC,"9070 West Cheyenne Avenue, Las Vegas, NV",Las Vegas,NV,"PT, OT",True,True,False,36.2188818,-115.2945658,"9070 WEST CHEYENNE AVENUE, LAS VEGAS, NV"
Fyzical Therapy and Balance Centers,"1751 Mound St., Suite 102, Sarasota, FL",Sarasota,FL,PT,False,True,False,27.3287641,-82.5348659,"1751 MOUND ST., SUITE 102, SARASOTA, FL"
FYZICAL-Boynton Beach,"1903 S. Congress Avenue,  Suite 100, Boynton Beach, FL",Boynton Beach,FL,PT,False,True,False,26.510685,-80.09163010000002,"1903 S. CONGRESS AVENUE, SUITE 100, BOYNTON BEACH, FL"
G&E Therapies,"236 Burts Road, Kirkwood, NY",Kirkwood,NY,"PT, OT",True,True,False,42.0391887,-75.7670492,"236 BURTS ROAD, KIRKWOOD, NY"
Garden OBGYN,"260 E 67th Street, New York, NY",New York,NY,PA,False,False,True,40.7655494,-73.96110519999999,"260 E 67TH STREET, NEW YORK, NY"
Garnet Health Medical Center,"707 E. Main St., Middletown, NY",Middletown,NY,PA,False,False,True,41.4422018,-74.3682382,"707 E. MAIN ST., MIDDLETOWN, NY"
Garrison Rehab Solutions,"406 S Main, Wonnsboro, TX",Wonnsboro,TX,OT,True,False,False,32.9538964,-95.2918869,"406 S MAIN, WONNSBORO, TX"
"Genesee Orthopedics & Plastic Surgery Associates, PC","4401 Middle Settlement Rd., #102, New Hartford, NY",New Hartford,NY,PA,False,False,True,43.0803945,-75.33523850000002,"4401 MIDDLE SETTLEMENT RD., #102, NEW HARTFORD, NY"
Genesis Eldercare Rehabiliation Services,"101 East State Street, Kennett Square, PA",Kennett Square,PA,PT,False,True,False,39.8470775,-75.7116167,"101 EAST STATE STREET, KENNETT SQUARE, PA"
Genesis PT & Wellness,"710 S Main Street, Suite 140, Fort Worth, TX",Fort Worth,TX,PT,False,True,False,32.7368964,-97.3260876,"710 S MAIN STREET, SUITE 140, FORT WORTH, TX"
Geneva General Hospital and Fingerlakes Health,"196 North Street, Geneva, NY",Geneva,NY,PT,False,True,False,42.87652300000001,-76.9882477,"196 NORTH STREET, GENEVA, NY"
Giombetti and Brady Pediatrics,"28 Deleware Ave, Delmar, NY",Delmar,NY,PA,False,False,True,42.6508838,-73.7683523,"28 DELEWARE AVE, DELMAR, NY"
Glens Falls City School District,"15 Quade Street Glens Falls, Glens Falls, NY",Glens Falls,NY,"PT, OT",True,True,False,43.3106142,-73.65926139999999,"15 QUADE STREET GLENS FALLS, GLENS FALLS, NY"
Glens Falls Hospital,"100 Park St, Glens Falls, NY",Glens Falls,NY,PA,False,False,True,43.3075477,-73.64506949999999,"100 PARK ST, GLENS FALLS, NY"
Glens Falls Hospital Rehabilitation and Wellness,"2 Country Club Rd, Queensbury, NY",Queensbury,NY,PT,False,True,False,43.332938,-73.6637023,"2 COUNTRY CLUB RD, QUEENSBURY, NY"
Golden Bear Physical Therapy -Modesto,"1335 Coffee Rd. , Suite 200, Modesto, CA",Modesto,CA,"PT, OT",True,True,False,37.6628438,-120.976251,"1335 COFFEE RD. , SUITE 200, MODESTO, CA"
Golden Bear Therapy - Two Trees,"2119 E Hatch Rd, Modesto, CA",Modesto,CA,OT,True,False,False,37.6097319,-120.9561402,"2119 E HATCH RD, MODESTO, CA"
Good Samaritan,"401 15th Ave SE, Puyallup, WA",Puyallup,WA,"PT, OT",True,True,False,47.1785459,-122.2899851,"401 15TH AVE SE, PUYALLUP, WA"
Good Shepherd,"850 S. Fifth St., Allentown, PA",Allentown,PA,"OT, PT",True,True,False,40.593185,-75.4647409,"850 S. FIFTH ST., ALLENTOWN, PA"
Goodman Pediatrics,"500 Helendale Road LLE-10,, The Laurelton Building, Medical and Professional Offices, Rochester, NY",Rochester,NY,PA,False,False,True,43.1790645,-77.5450103,"500 HELENDALE ROAD LLE-10,, THE LAURELTON BUILDING, MEDICAL AND PROFESSIONAL OFFICES, ROCHESTER, NY"
Gouverneur Central School District,"133 East Barney Street, Gouverneur, NY",Gouverneur,NY,OT,True,False,False,44.3410702,-75.4653281,"133 EAST BARNEY STREET, GOUVERNEUR, NY"
Grace Cottage Family Health & Hospital,"185 Grafton Road (Route 35), P.O. Box 216, Townshend, VT",Townshend,VT,"PT, PA, OT",True,True,True,43.0489726,-72.66807510000001,"185 GRAFTON ROAD (ROUTE 35), P.O. BOX 216, TOWNSHEND, VT"
Grady Memorial Hospital,"80 Jesse Hill Jr Dr SE, Atlanta, GA",Atlanta,GA,PT,False,True,False,33.7517847,-84.38200719999999,"80 JESSE HILL JR DR SE, ATLANTA, GA"
Great Strides Rehabiliation,"12276 San Jose Blvd, Suite 508, Jacksonville, FL",Jacksonville,FL,OT,True,False,False,30.1471588,-81.6358936,"12276 SAN JOSE BLVD, SUITE 508, JACKSONVILLE, FL"
Greece Obstetrics and Gynecology LLP,"2337 Ridgeway Ave, Rochester, NY",Rochester,NY,PA,False,False,True,43.1881835,-77.6936121,"2337 RIDGEWAY AVE, ROCHESTER, NY"
Green Chimneys Childrens's Services,"400 Doansburg Road, Brewster, NY",Brewster,NY,OT,True,False,False,41.4536592,-73.55197319999999,"400 DOANSBURG ROAD, BREWSTER, NY"
Greene Physical Therapy,"7 Canal St., Greene, NY",Greene,NY,PT,False,True,False,42.3292016,-75.7719901,"7 CANAL ST., GREENE, NY"
Greiner Physical Therapy,"170 Montauk HIghway Unit 1, P.O. Box 318, Speonk, NY",Speonk,NY,PT,False,True,False,40.8188536,-72.6927152,"170 MONTAUK HIGHWAY UNIT 1, P.O. BOX 318, SPEONK, NY"
Greystone Park Psychiatric Hospital,"59 Koch Avenue, Morris Plains, NJ",Morris Plains,NJ,OT,True,False,False,40.8388485,-74.510483,"59 KOCH AVENUE, MORRIS PLAINS, NJ"
Guam Memorial Hospital Authority,"850 Gov Carlos G Camacho Rd, Tamuning, Guam",Tamuning,Guam,PA,False,False,True,13.5040299,144.7759879,"850 GOV CARLOS G CAMACHO RD, TAMUNING, GUAM"
Guthrie Cortland Medical Center,"134 Homer Avenue, Cortland, NY",Cortland,NY,OT,True,False,False,42.6085691,-76.18812559999999,"134 HOMER AVENUE, CORTLAND, NY"
Hands of Hope-Queens Village,"80-03 211th Street, Queens Village, NY",Queens Village,NY,PT,False,True,False,40.7333479,-73.7595302,"80-03 211TH STREET, QUEENS VILLAGE, NY"
Havasu Regional MC,"101 Civic Center Lane, Lake Havesu City, AZ",Lake Havesu City,AZ,"PT, PA, OT",True,True,True,34.4804007,-114.3391649,"101 CIVIC CENTER LANE, LAKE HAVESU CITY, AZ"
HCR Home Care,"215 Washington St, Watertown, NY",Watertown,NY,"PA, PT, OT",True,True,True,43.9734401,-75.9098496,"215 WASHINGTON ST, WATERTOWN, NY"
Healey Medical Practice,"25 Park Street, Canton, NY",Canton,NY,PA,False,False,True,44.594348,-75.1679794,"25 PARK STREET, CANTON, NY"
Health Partners Institute,"8170 33rd Ave S, Bloomington, MN 55425, Bloomington, MN",Bloomington,MN,"PT, OT",True,True,False,44.85596,-93.22915429999999,"8170 33RD AVE S, BLOOMINGTON, MN 55425, BLOOMINGTON, MN"
"Health Services of Northern New York, INC. Clinics","56 Market Street, Potsdam, NY",Potsdam,NY,OT,True,False,False,44.670875,-74.9865496,"56 MARKET STREET, POTSDAM, NY"
HealthPartners Institute,"8170 33rd Ave S, Bloomington, MN",Bloomington,MN,PA,False,False,True,44.85596,-93.22915429999999,"8170 33RD AVE S, BLOOMINGTON, MN"
HealthPro Heritage,"307 International Circle, #100, Hunt Valley, MD",Hunt Valley,MD,OT,True,False,False,39.5009529,-76.6661242,"307 INTERNATIONAL CIRCLE, #100, HUNT VALLEY, MD"
Healthquest,"1351 Route 55, LaGrangeville, NY",LaGrangeville,NY,PT,False,True,False,41.6714808,-73.7790894,"1351 ROUTE 55, LAGRANGEVILLE, NY"
Healthworks/Corning,"9768 Liberty Drive, Painted Post, NY",Painted Post,NY,PT,False,True,False,42.1648526,-77.1130949,"9768 LIBERTY DRIVE, PAINTED POST, NY"
Henry Viscardi School,"201 I.U. Willets Road, Albertson, NY",Albertson,NY,OT,True,False,False,40.7686022,-73.6581503,"201 I.U. WILLETS ROAD, ALBERTSON, NY"
Heritage Valley Health System,"701 Broad Street, Sewickley, PA",Sewickley,PA,PA,False,False,True,40.5422698,-80.17777269999999,"701 BROAD STREET, SEWICKLEY, PA"
Highland Nursing Home,"182 Highland Road, Massena, NY",Massena,NY,PT,False,True,False,44.9464677,-74.8568149,"182 HIGHLAND ROAD, MASSENA, NY"
Hills Pediatrics,"613 Courtyard Dr., Hillsborough Township, NJ",Hillsborough Township,NJ,PA,False,False,True,40.5499324,-74.6122129,"613 COURTYARD DR., HILLSBOROUGH TOWNSHIP, NJ"
Holland Hospital,"602 Michigan Ave, Holland, MI",Holland,MI,PA,False,False,True,42.774883,-86.11443179999999,"602 MICHIGAN AVE, HOLLAND, MI"
Holy Name Medical Center,"718 Teaneck Road, Teaneck, NY",Teaneck,NY,PA,False,False,True,40.8827437,-74.0102627,"718 TEANECK ROAD, TEANECK, NY"
Hope Haven,"4600 Beach Blvd, Jacksonville, FL",Jacksonville,FL,OT,True,False,False,30.2977052,-81.6194845,"4600 BEACH BLVD, JACKSONVILLE, FL"
Hopebridge Autism Therapy Center,"5859 West Talavi, Glendale, AZ",Glendale,AZ,OT,True,False,False,33.6349302,-112.1849037,"5859 WEST TALAVI, GLENDALE, AZ"
Horizon Post Acute and Rehabilitation Center,"4704 West Diana Avenue, Glendale, AZ",Glendale,AZ,"PT, OT",True,True,False,33.5638694,-112.1612063,"4704 WEST DIANA AVENUE, GLENDALE, AZ"
Horizon Rehabilitation and Sports Medicine-Hilton Head,"8 Hospital Center Blvd, Hilton Head, SC",Hilton Head,SC,PT,False,True,False,32.2202414,-80.7131572,"8 HOSPITAL CENTER BLVD, HILTON HEAD, SC"
Hornell City School District,"Railer Road, Hornell, NY",Hornell,NY,"PT, OT",True,True,False,42.3278477,-77.6611025,"RAILER ROAD, HORNELL, NY"
Howell Township Public Schools,"P.O. Box 579, Administration Building 4567 U.S. Route 9 Suite D, Howell Township, NJ",Howell Township,NJ,OT,True,False,False,40.1413148,-74.2236552,"P.O. BOX 579, ADMINISTRATION BUILDING 4567 U.S. ROUTE 9 SUITE D, HOWELL TOWNSHIP, NJ"
Hudson Headwaters Health network,"9 Carey Road, Queensbury, NY",Queensbury,NY,PA,False,False,True,43.2957638,-73.6901902,"9 CAREY ROAD, QUEENSBURY, NY"
Huggins Hospital,"240 South Main Street, Wolfboro, NH",Wolfboro,NH,PT,False,True,False,43.581944,-71.20095529999999,"240 SOUTH MAIN STREET, WOLFBORO, NH"
Hutchings Psychiatric Center,"620 Madison Street, Syracuse, NY",Syracuse,NY,OT,True,False,False,43.0456339,-76.1393336,"620 MADISON STREET, SYRACUSE, NY"
I Can Hope and Future,"13010 NE 20th St, Bellevue, WA",Bellevue,WA,OT,True,False,False,47.629081,-122.1663945,"13010 NE 20TH ST, BELLEVUE, WA"
IncreMedical Management Inc.,"8259 Wicker Ave, St. John, IN",St. John,IN,PT,False,True,False,41.4683863,-87.4694207,"8259 WICKER AVE, ST. JOHN, IN"
Indian Health Service,"12 Tribal Hill Dr, Window Rock, AZ",Window Rock,AZ,PT,False,True,False,35.680776,-109.0522339,"12 TRIBAL HILL DR, WINDOW ROCK, AZ"
Infirmary Health: J.L. Bedsole / Rotary Rehabilitation Hospital,"5 Mobile Infirmary Circle, Mobile, AL",Mobile,AL,PT,False,True,False,30.6963461,-88.0797707,"5 MOBILE INFIRMARY CIRCLE, MOBILE, AL"
Innovative PT Solutions,"316 Sherman Street, Watertown, NY",Watertown,NY,PT,False,True,False,43.9718832,-75.9156624,"316 SHERMAN STREET, WATERTOWN, NY"
InsightMoves Physical Therapy,"22a Oak Street, Plattsburgh, NY",Plattsburgh,NY,PT,False,True,False,44.69723399999999,-73.4550909,"22A OAK STREET, PLATTSBURGH, NY"
Integrated Rehabilitation Servicse,"586 East Middle Turnpike =, Manchester, CT",Manchester,CT,PT,False,True,False,41.7849303,-72.49575279999999,"586 EAST MIDDLE TURNPIKE =, MANCHESTER, CT"
Interdisciplinary Center for Child Development,"35-55 223rd Street, Bayside, NY",Bayside,NY,OT,True,False,False,40.7693901,-73.7616963,"35-55 223RD STREET, BAYSIDE, NY"
Interface Rehabilitation,"744 S. Placentia Ave., Suite 200, Plancentia, CA",Plancentia,CA,OT,True,False,False,33.8626767,-117.881773,"744 S. PLACENTIA AVE., SUITE 200, PLANCENTIA, CA"
Interim Healthcare of Northern Kentucky,"3005 Dixie Highway, Edgewood, KY",Edgewood,KY,OT,True,False,False,39.0223756,-84.5850165,"3005 DIXIE HIGHWAY, EDGEWOOD, KY"
Irondale Post Acute,"7150 Poplar St, Commerce City, CO",Commerce City,CO,OT,True,False,False,39.8258358,-104.9047955,"7150 POPLAR ST, COMMERCE CITY, CO"
Island Sports Physical Therapy of Coram,"607 Middle Country Road, Coram, NY",Coram,NY,PT,False,True,False,40.8697255,-73.0194554,"607 MIDDLE COUNTRY ROAD, CORAM, NY"
Ivy Rehab - Generation Care,"945 E Sherman Blvd, Muskegon, MI",Muskegon,MI,OT,True,False,False,43.2043687,-86.2211779,"945 E SHERMAN BLVD, MUSKEGON, MI"
IVY Rehab - Philadelphia,"8015 Frankford Ave, Philadelphia, PA",Philadelphia,PA,OT,True,False,False,40.0415014,-75.0272191,"8015 FRANKFORD AVE, PHILADELPHIA, PA"
ivy rehab network,"1311 Mamaroneck Avenue, Suite 140, White Plains, NY",White Plains,NY,PT,False,True,False,40.9869317,-73.7425219,"1311 MAMARONECK AVENUE, SUITE 140, WHITE PLAINS, NY"
Jaco Rehab,"1401 South Beretania Street Suite 550, Honolulu, HI",Honolulu,HI,PT,False,True,False,21.2995193,-157.8394204,"1401 SOUTH BERETANIA STREET SUITE 550, HONOLULU, HI"
JAG One PT,"981 US 22, 2nd Floor, Bridgewater, NJ",Bridgewater,NJ,PT,False,True,False,40.5829184,-74.6075475,"981 US 22, 2ND FLOOR, BRIDGEWATER, NJ"
Jag-One,"900 Route 9N, Suite 410, Woodbridge, NJ",Woodbridge,NJ,"PT, OT",True,True,False,40.5630218,-74.3004456,"900 ROUTE 9N, SUITE 410, WOODBRIDGE, NJ"
Jaguar Therapeutics,"3305 Rice Street, Coconut Grove, FL",Coconut Grove,FL,PT,False,True,False,25.7297574,-80.24032749999999,"3305 RICE STREET, COCONUT GROVE, FL"
Jameson Hospital/HealthSystem,"1211 Wilmington Road, New Castle, PA",New Castle,PA,PT,False,True,False,41.0132379,-80.35272739999999,"1211 WILMINGTON ROAD, NEW CASTLE, PA"
Jefferson Rehabilitation Center,"420 Gaffney Drive, Watertown, NY",Watertown,NY,PT,False,True,False,43.9851369,-75.93984019999999,"420 GAFFNEY DRIVE, WATERTOWN, NY"
Jesse Brown VA Medical Center,"820 S. Damen St, Chicago, IL",Chicago,IL,PT,False,True,False,41.870805,-87.6772215,"820 S. DAMEN ST, CHICAGO, IL"
"John Marino, MD","3200 West St., Canandaigua, NY",Canandaigua,NY,PA,False,False,True,42.87451679999999,-77.292535,"3200 WEST ST., CANANDAIGUA, NY"
Jones Memorial Hospital,"191 North Main St., P O Box 72, Wellsville, NY",Wellsville,NY,PT,False,True,False,42.1228041,-77.9510561,"191 NORTH MAIN ST., P O BOX 72, WELLSVILLE, NY"
Journey Physical Therapy PLLC,"5402 Dayan St, G-01, Lowville, NY",Lowville,NY,PT,False,True,False,43.78623289999999,-75.4930926,"5402 DAYAN ST, G-01, LOWVILLE, NY"
Journey's Developmental Disability Agency,"120 N 12th Ave, Pocatello, ID",Pocatello,ID,"OT, PA, PT",True,True,True,42.8715431,-112.4365693,"120 N 12TH AVE, POCATELLO, ID"
Kaleida Health,"1540 Maple Road, Williamsville, NY",Williamsville,NY,PA,False,False,True,42.9940357,-78.7298953,"1540 MAPLE ROAD, WILLIAMSVILLE, NY"
Kassimir Physical Therapy,"1777 Reisterstown Road, Suite 130, Pikesville, MD",Pikesville,MD,PT,False,True,False,39.386331,-76.734433,"1777 REISTERSTOWN ROAD, SUITE 130, PIKESVILLE, MD"
Kauai Therapy and Wellness,"3-1866 Kaumualii Hwy, Lihue, HI",Lihue,HI,OT,True,False,False,21.9663647,-159.3964488,"3-1866 KAUMUALII HWY, LIHUE, HI"
Keneks Therapy,"800 E Ohio Ave, Escondido, CA",Escondido,CA,OT,True,False,False,33.1267559,-117.0716315,"800 E OHIO AVE, ESCONDIDO, CA"
Kessler Rehab Center - NJ,"1199 PLEASANT VALLEY WAY, WEST ORANGE, NJ",WEST ORANGE,NJ,OT,True,False,False,40.7853963,-74.27776279999999,"1199 PLEASANT VALLEY WAY, WEST ORANGE, NJ"
Kessler Rehabilitation,"368 Lakehurst Road, Toms River, NJ",Toms River,NJ,PT,False,True,False,39.95865,-74.2125674,"368 LAKEHURST ROAD, TOMS RIVER, NJ"
Kids First Therapy,"121 Fiddlers Run Blvd, Morganton, NC",Morganton,NC,"OT, PT",True,True,False,35.7167296,-81.6701222,"121 FIDDLERS RUN BLVD, MORGANTON, NC"
Kids Place Pediatric Therapy (Kids Place East-Gilbert),"746 W Guadalupe Rd, Gilbert, AZ",Gilbert,AZ,PT,False,True,False,33.3653612,-111.8059965,"746 W GUADALUPE RD, GILBERT, AZ"
Kids Rehab Gym,"373 Blair Park Road, Suite 204, Williston, VT",Williston,VT,OT,True,False,False,44.45473399999999,-73.1120064,"373 BLAIR PARK ROAD, SUITE 204, WILLISTON, VT"
Kids' RehabGYM,"905 Roosevelt Hwy, Suite 115, Colchester, VT",Colchester,VT,OT,True,False,False,44.5152831,-73.1803074,"905 ROOSEVELT HWY, SUITE 115, COLCHESTER, VT"
Kindred Healthcare,"680 South Fourth Street, Louisville, KY",Louisville,KY,PT,False,True,False,38.2470285,-85.75969529999999,"680 SOUTH FOURTH STREET, LOUISVILLE, KY"
Kinetic PT,"171 Lake Street, Ramsey, NJ",Ramsey,NJ,PT,False,True,False,41.06083659999999,-74.1246831,"171 LAKE STREET, RAMSEY, NJ"
Kings County Hospital - NYC Health + Hospital,"451 Clarkson Avenue, Brooklyn, NY",Brooklyn,NY,OT,True,False,False,40.6568816,-73.94470749999999,"451 CLARKSON AVENUE, BROOKLYN, NY"
Kingston Healthcare,"One SeaGate, Suite 1960, Toledo, OH",Toledo,OH,PT,False,True,False,41.65320759999999,-83.53046549999999,"ONE SEAGATE, SUITE 1960, TOLEDO, OH"
Kingston Healthcare of Ashland,"20 Amberwood, Ashland, OH",Ashland,OH,PT,False,True,False,40.8619379,-82.2780399,"20 AMBERWOOD, ASHLAND, OH"
Knight and Associates,"null, P.O. Box 547, Potsdam, NY",Potsdam,NY,PT,False,True,False,44.6697805,-74.9813084,"NULL, P.O. BOX 547, POTSDAM, NY"
Kohala Hospital-Hawaii Health Systems Corporation,"54-383 Hospital Rd., Kapaau, HI",Kapaau,HI,PT,False,True,False,20.2323129,-155.7968015,"54-383 HOSPITAL RD., KAPAAU, HI"
Kutest Kids,"3502 Scotts Lane, Philadelphia, PA",Philadelphia,PA,OT,True,False,False,40.0079831,-75.1833745,"3502 SCOTTS LANE, PHILADELPHIA, PA"
LA Downtown Medical Center,"1711 West Temple Street, Los Angeles, CA",Los Angeles,CA,OT,True,False,False,34.0695317,-118.2634888,"1711 WEST TEMPLE STREET, LOS ANGELES, CA"
Landmann-Jungman Memorial Hospital Avera,"600 Billars St, Scotland, SD",Scotland,SD,PT,False,True,False,43.1490825,-97.72909399999999,"600 BILLARS ST, SCOTLAND, SD"
Langone Orthopedic Hospital,"301 East 17th Street – 5th floor, New York, NY",New York,NY,PT,False,True,False,40.7343532,-73.9829855,"301 EAST 17TH STREET – 5TH FLOOR, NEW YORK, NY"
Leaps and Bounds - Missouri,"324 Jungermann Road, St Peter, MO",St Peter,MO,OT,True,False,False,38.7862954,-90.5783718,"324 JUNGERMANN ROAD, ST PETER, MO"
Leaps and Bounds Pediatric Therapy,"4211 Valley View Ave, Norco, CA",Norco,CA,OT,True,False,False,33.9431676,-117.5485919,"4211 VALLEY VIEW AVE, NORCO, CA"
Legacy Health,"1919 NW Lovejoy Street, Portland, OR",Portland,OR,OT,True,False,False,45.53036609999999,-122.6911411,"1919 NW LOVEJOY STREET, PORTLAND, OR"
Legacy Mount Hood Medical Center,"24800 SE Stark St, Gresham, OR",Gresham,OR,OT,True,False,False,45.5161477,-122.4074214,"24800 SE STARK ST, GRESHAM, OR"
Lewis County General Hospital,"7785 North State Street, Lowville, NY",Lowville,NY,"PA, PT, OT",True,True,True,43.7957528,-75.4993095,"7785 NORTH STATE STREET, LOWVILLE, NY"
Liberty Post,"87 Mead Street, North Tonawanda, NY",North Tonawanda,NY,OT,True,False,False,43.0367068,-78.8600203,"87 MEAD STREET, NORTH TONAWANDA, NY"
Liberty Post,"175 Winton Rd., N. Rochester, NY",N. Rochester,NY,OT,True,False,False,43.1478685,-77.55463259999999,"175 WINTON RD., N. ROCHESTER, NY"
Liberty Post,"2001 NYS Route 17M, Goshen, NY",Goshen,NY,OT,True,False,False,41.392398,-74.3231414,"2001 NYS ROUTE 17M, GOSHEN, NY"
Liberty Post,"120 County Rd, Ste 101, Tenafly, NJ",Tenafly,NJ,OT,True,False,False,40.92825670000001,-73.96147069999999,"120 COUNTY RD, STE 101, TENAFLY, NJ"
Liberty Post,"1 Brandywine Drive, Deer Park, NY",Deer Park,NY,OT,True,False,False,40.7611704,-73.3093809,"1 BRANDYWINE DRIVE, DEER PARK, NY"
Liberty POST,"1882 Winton Rd So, Suite 8, Rochester, NY",Rochester,NY,PT,False,True,False,43.1086137,-77.5721957,"1882 WINTON RD SO, SUITE 8, ROCHESTER, NY"
Liberty Post,"6723 Towpath road, E Syracuse, NY",E Syracuse,NY,OT,True,False,False,43.051089,-76.0561659,"6723 TOWPATH ROAD, E SYRACUSE, NY"
Life Care Centers of America,"3001 Keith Street, Cleveland, TN",Cleveland,TN,OT,True,False,False,35.1894719,-84.8707881,"3001 KEITH STREET, CLEVELAND, TN"
LimbTech,"TBD, TBD, NC",TBD,NC,OT,True,False,False,35.7595731,-79.01929969999999,"TBD, TBD, NC"
Little Champs Therapy & Yoga,"301 Camino Gardens Blvd. Suite 104, Boca Raton, FL",Boca Raton,FL,"PT, OT",True,True,False,26.3412971,-80.0918815,"301 CAMINO GARDENS BLVD. SUITE 104, BOCA RATON, FL"
Liverpool Physical Therapy,"718 Old Liverpool Road, Liverpool, NY",Liverpool,NY,PT,False,True,False,43.0967077,-76.1964859,"718 OLD LIVERPOOL ROAD, LIVERPOOL, NY"
Long Pond Physical Therapy,"110 Long Pond Rd, Suite 111, Plymouth, MA",Plymouth,MA,PT,False,True,False,41.9253434,-70.6559001,"110 LONG POND RD, SUITE 111, PLYMOUTH, MA"
Long Trail Physical Therapy,"789 Pine St, Burlington, VT",Burlington,VT,PT,False,True,False,44.4574838,-73.21502269999999,"789 PINE ST, BURLINGTON, VT"
Longview Physical and SPorts Therapy,"625 9th Ave, Suite 220, Longview, WA",Longview,WA,PT,False,True,False,46.1240094,-122.9349225,"625 9TH AVE, SUITE 220, LONGVIEW, WA"
Los  Angeles Unified School District,"333 South Beaudry Ave, Los Angeles, CA",Los Angeles,CA,OT,True,False,False,34.0568979,-118.2575046,"333 SOUTH BEAUDRY AVE, LOS ANGELES, CA"
Lumiere Children's Therapy,"1500 N Clybourn Ave, #C105, Chicago, IL",Chicago,IL,OT,True,False,False,41.9082897,-87.64664189999999,"1500 N CLYBOURN AVE, #C105, CHICAGO, IL"
Lutheran Medical Center,"150 55th St. Station 3-06, Brooklyn, NY",Brooklyn,NY,"PT, OT",True,True,False,40.6315563,-73.9955399,"150 55TH ST. STATION 3-06, BROOKLYN, NY"
Maccio Physical Therapy,"1 New Hampshire Ave, Troy, NY",Troy,NY,PT,False,True,False,42.7402398,-73.6737898,"1 NEW HAMPSHIRE AVE, TROY, NY"
Malone Central School,"99 Elm St, Malone, NY",Malone,NY,"PA, PT, OT",True,True,True,44.8520755,-74.28681209999999,"99 ELM ST, MALONE, NY"
Maple City,"100 Loder Street, Ste 1-5, Hornell, NY",Hornell,NY,PT,False,True,False,42.3225175,-77.6593972,"100 LODER STREET, STE 1-5, HORNELL, NY"
Marathon Physical Therapy,"250 East Main St., Norton, MA",Norton,MA,PT,False,True,False,41.9862471,-71.1585575,"250 EAST MAIN ST., NORTON, MA"
Marcy's Ortho Oasis (Test Site),"8 Muskoskeletal Drive, Potsdam, NY",Potsdam,NY,PT,False,True,False,44.6697805,-74.9813084,"8 MUSKOSKELETAL DRIVE, POTSDAM, NY"
Mary Cariola Children's Center,"1000 Elmwood Avenue, Rochester, NY",Rochester,NY,PT,False,True,False,43.1258415,-77.6113673,"1000 ELMWOOD AVENUE, ROCHESTER, NY"
Mary Washington Medical Center,"1001 Sam Perry Blvd, Fredericksburg, VA",Fredericksburg,VA,OT,True,False,False,38.3098885,-77.4845161,"1001 SAM PERRY BLVD, FREDERICKSBURG, VA"
Massena Central School,"84 Nightengale Ave., Massena, NY",Massena,NY,OT,True,False,False,44.9223992,-74.8988222,"84 NIGHTENGALE AVE., MASSENA, NY"
Massena IRA,"30 Riverside Parkway, Massena, NY",Massena,NY,OT,True,False,False,44.9309372,-74.905664,"30 RIVERSIDE PARKWAY, MASSENA, NY"
Massena Memorial Hospital,"1 Hospital Dr, Massena, NY",Massena,NY,PT,False,True,False,44.9364802,-74.9089863,"1 HOSPITAL DR, MASSENA, NY"
Massena Rehabilitation and Nursing Center,"89 Grove Street, Massena, NY",Massena,NY,OT,True,False,False,44.9239737,-74.884554,"89 GROVE STREET, MASSENA, NY"
Mayo Clinic,"200 1st St SW, Rochester, MI",Rochester,MI,PA,False,False,True,42.6768626,-83.1359768,"200 1ST ST SW, ROCHESTER, MI"
Mayo Clinic - Arizona,"5777 E. Mayo Blvd, Phoenix, AZ",Phoenix,AZ,PA,False,False,True,33.6594645,-111.9564149,"5777 E. MAYO BLVD, PHOENIX, AZ"
"McCarton Foundation for Developmental Disabilities, Inc.","1909 Longfellow Ave, Bronx, NY",Bronx,NY,OT,True,False,False,40.8392396,-73.882223,"1909 LONGFELLOW AVE, BRONX, NY"
Meadowbrook Healthcare Rehabilitation,"154 Prospect Ave, Plattsburgh, NY",Plattsburgh,NY,PT,False,True,False,44.7036738,-73.4728925,"154 PROSPECT AVE, PLATTSBURGH, NY"
Medstar,"102 Irving St NW, Washington, DC",Washington,DC,OT,True,False,False,38.9302502,-77.01259399999999,"102 IRVING ST NW, WASHINGTON, DC"
Medstar Georgetown University Hospital,"3800 Reservoir Rd. NW, Grand Bles. Room CG-12, Washington, DC",Washington,DC,"PT, OT, PA",True,True,True,38.9112814,-77.07364059999999,"3800 RESERVOIR RD. NW, GRAND BLES. ROOM CG-12, WASHINGTON, DC"
Memorial Hermann Health System,"929 Gessner Dr, Houston, TX",Houston,TX,OT,True,False,False,29.7825553,-95.54555839999999,"929 GESSNER DR, HOUSTON, TX"
Memorial Sloan Kettering,"1275 York Ave., New York, NY",New York,NY,PA,False,False,True,40.7642009,-73.9560777,"1275 YORK AVE., NEW YORK, NY"
Mercy (MO),"15740 South Outer Forty Rd, Chesterfield, MO",Chesterfield,MO,PA,False,False,True,38.6504413,-90.558989,"15740 SOUTH OUTER FORTY RD, CHESTERFIELD, MO"
Mercy Medical Center,"345 St. Paul Place, Baltimore, MD",Baltimore,MD,PT,False,True,False,39.2928368,-76.6132459,"345 ST. PAUL PLACE, BALTIMORE, MD"
Mercy Therapy Services,"331 Hospital Drive, Suite D, Lebanon, MO",Lebanon,MO,PT,False,True,False,37.6814664,-92.6338158,"331 HOSPITAL DRIVE, SUITE D, LEBANON, MO"
Metro Occupational and Physical Therapy,"800 E. Gate Blvd., Garden City, NY",Garden City,NY,OT,True,False,False,40.7419445,-73.6072545,"800 E. GATE BLVD., GARDEN CITY, NY"
Metro Physical & Aquatic Therapy,"800 East Gate Blvd., Garden City, NY",Garden City,NY,PT,False,True,False,40.7419445,-73.6072545,"800 EAST GATE BLVD., GARDEN CITY, NY"
MFA - Life Works Rehabilitation,"2917 Penn Forest Blvd, Roanoke, VA",Roanoke,VA,OT,True,False,False,37.2233314,-79.99214839999999,"2917 PENN FOREST BLVD, ROANOKE, VA"
Milemarkers,"1515 N Lake Havasu Ave, Lake Havasu City, AZ",Lake Havasu City,AZ,OT,True,False,False,34.5180202,-114.3478162,"1515 N LAKE HAVASU AVE, LAKE HAVASU CITY, AZ"
Mind and Body Balance LLC,"213 West Main Street, Suite 204, Malone, NY",Malone,NY,PA,False,False,True,44.8487351,-74.3082861,"213 WEST MAIN STREET, SUITE 204, MALONE, NY"
Mini Milestones Physical Therapy PC,"6221 NY 31 #103 B, Cicero, NY",Cicero,NY,PT,False,True,False,43.1774197,-76.0900826,"6221 NY 31 #103 B, CICERO, NY"
Minnesota Masonic Home,"11501 Masonic Home Drive, Bloomington, MN",Bloomington,MN,PT,False,True,False,44.7958395,-93.34730379999999,"11501 MASONIC HOME DRIVE, BLOOMINGTON, MN"
mock,"123 main, potsdam, NE",potsdam,NE,PA,False,False,True,44.6666584,-74.97191409999999,"123 MAIN, POTSDAM, NE"
Mock Parent Group,"1525 N Alvarado St, Los Angeles, CA",Los Angeles,CA,PT,False,True,False,34.0829621,-118.2606566,"1525 N ALVARADO ST, LOS ANGELES, CA"
Mock Parent Group,"1615 Wilcox Ave, Los Angeles, CA",Los Angeles,CA,OT,True,False,False,34.1001781,-118.3314924,"1615 WILCOX AVE, LOS ANGELES, CA"
Mock Site,"123 Main st., South Easton, MA",South Easton,MA,PA,False,False,True,42.0656639,-71.1015494,"123 MAIN ST., SOUTH EASTON, MA"
"Mohammad S. Hussain, MD","317 Broadway , Ste B, Amityville, NY",Amityville,NY,PA,False,False,True,40.6842948,-73.42326969999999,"317 BROADWAY , STE B, AMITYVILLE, NY"
Mohawk Valley Health System,"1656 Champlin Avenue, Utica, NY",Utica,NY,PT,False,True,False,43.0963617,-75.27780109999999,"1656 CHAMPLIN AVENUE, UTICA, NY"
Monroe #1 BOCES,"41 O'Connor Road, Fairport, NY",Fairport,NY,OT,True,False,False,43.1056911,-77.4599369,"41 O'CONNOR ROAD, FAIRPORT, NY"
Monroe Township School,"1073 New Brooklyn Rd, Williamstown, NJ",Williamstown,NJ,OT,True,False,False,39.6904579,-74.96559770000002,"1073 NEW BROOKLYN RD, WILLIAMSTOWN, NJ"
Montefiore,"111 East 210th Street, New York, NY",New York,NY,PT,False,True,False,40.8803814,-73.8799291,"111 EAST 210TH STREET, NEW YORK, NY"
Montefiore Medical Center,"3331 Steuben Ave., 3rd Floor, Bronx, NY",Bronx,NY,OT,True,False,False,40.8791524,-73.88136759999999,"3331 STEUBEN AVE., 3RD FLOOR, BRONX, NY"
Montefiore Nyack,"150 N Midland Ave, Nyack, NY",Nyack,NY,PA,False,False,True,41.0959507,-73.9260923,"150 N MIDLAND AVE, NYACK, NY"
Moore County Public School District,"5277 US-15, Carthage, NC",Carthage,NC,PT,False,True,False,35.306026,-79.4158803,"5277 US-15, CARTHAGE, NC"
Moriarty Physical Therapy,"301 Manchester Rd, Ste 101, Poughkeepsie, NY",Poughkeepsie,NY,PT,False,True,False,41.6863094,-73.8720392,"301 MANCHESTER RD, STE 101, POUGHKEEPSIE, NY"
Motion PT Group,"350 South Main Street, New City, NY",New City,NY,PT,False,True,False,41.1351269,-73.99067459999999,"350 SOUTH MAIN STREET, NEW CITY, NY"
"MOTION PT Management, Inc.","160 E 56th Street, New York City, NY",New York City,NY,OT,True,False,False,40.7596846,-73.9686591,"160 E 56TH STREET, NEW YORK CITY, NY"
Mount Sinai Rehabilitation Hospital,"490 Blue Hills Ave., Hartford, CT",Hartford,CT,PT,False,True,False,41.7996642,-72.6936441,"490 BLUE HILLS AVE., HARTFORD, CT"
Mount Washington Pediatric,"1708 W Rogers Avenue, Baltimore, MD",Baltimore,MD,PT,False,True,False,39.362837,-76.6531835,"1708 W ROGERS AVENUE, BALTIMORE, MD"
Mountain Orthotics and Prosthetics,"7 Old Military Road, Lake Placid, NY",Lake Placid,NY,"PT, PA, OT",True,True,True,44.26028669999999,-73.96760499999999,"7 OLD MILITARY ROAD, LAKE PLACID, NY"
Mountain View Pediatrics,"18 Feathers Drive, Plattsburgh, NY",Plattsburgh,NY,PA,False,False,True,44.7071078,-73.50518550000001,"18 FEATHERS DRIVE, PLATTSBURGH, NY"
Movement for Life,"1414 Park Street, Paso Robles, CA",Paso Robles,CA,PT,False,True,False,35.6292579,-120.6900386,"1414 PARK STREET, PASO ROBLES, CA"
My OB/GYN,"18503 Pines Blvd, Ste 211, Pembroke Pines, FL",Pembroke Pines,FL,PA,False,False,True,26.0102519,-80.3960207,"18503 PINES BLVD, STE 211, PEMBROKE PINES, FL"
Nassau BOCES,"71 Clinton Rd, Garden City, NJ",Garden City,NJ,OT,True,False,False,40.7287214,-73.6183899,"71 CLINTON RD, GARDEN CITY, NJ"
Nathan Littauer Hospital,"99 East State Street, Gloversville, NY",Gloversville,NY,PT,False,True,False,43.07150470000001,-74.33173459999999,"99 EAST STATE STREET, GLOVERSVILLE, NY"
National Center For Equine Facilitated Therapy,"880 Runnymede Rd, Woodeside, CA",Woodeside,CA,PT,False,True,False,37.4470681,-122.2777307,"880 RUNNYMEDE RD, WOODESIDE, CA"
Navajo Area Indian Health Service,"Highway 264—St. Michaels, P. O. Box 9020;, Window Rock, AZ",Window Rock,AZ,PT,False,True,False,35.6550907,-109.1057289,"HIGHWAY 264—ST. MICHAELS, P. O. BOX 9020;, WINDOW ROCK, AZ"
Navy Medical Center San Diego,"34800 Bob wilson Drive, San Diego, CA",San Diego,CA,OT,True,False,False,32.7247135,-117.1463085,"34800 BOB WILSON DRIVE, SAN DIEGO, CA"
"Neurotherapeutic Pediatric Therapies, Inc","610 High St., Oregon City, OR",Oregon City,OR,OT,True,False,False,45.3566576,-122.60711,"610 HIGH ST., OREGON CITY, OR"
New Concept Medical Care,"9675 Brewerton Rd, Brewerton, NY",Brewerton,NY,PA,False,False,True,43.2385297,-76.1410989,"9675 BREWERTON RD, BREWERTON, NY"
New Eastwood - Reliant Rehab,"2125 Fairview Avenue, Easton, PA",Easton,PA,OT,True,False,False,40.6877673,-75.2440563,"2125 FAIRVIEW AVENUE, EASTON, PA"
New England Rehabilitation Hospital,"2 Rehabilitation Way, Woburn, MA",Woburn,MA,PT,False,True,False,42.4634912,-71.1618922,"2 REHABILITATION WAY, WOBURN, MA"
New England Rehabilitation Hospital of Portland,"335 Brighton Avenue, Portland, ME",Portland,ME,"PT, OT",True,True,False,43.6662215,-70.2921029,"335 BRIGHTON AVENUE, PORTLAND, ME"
New Hartford Psychiatric Services,"238 Oriskany Blvd, Whitesboro, NY",Whitesboro,NY,PA,False,False,True,43.1263119,-75.2980142,"238 ORISKANY BLVD, WHITESBORO, NY"
New York City Department of Education,"52 Chambers Street, New York, NY",New York,NY,OT,True,False,False,40.7134595,-74.0055467,"52 CHAMBERS STREET, NEW YORK, NY"
New York City Health and Hospitals Corp,"55 Water Street, New York, NY",New York,NY,OT,True,False,False,40.7033226,-74.0088962,"55 WATER STREET, NEW YORK, NY"
New York State Veteran's Home,"220 Richmond Avenue, Batavia, NY",Batavia,NY,PT,False,True,False,43.01039,-78.1978038,"220 RICHMOND AVENUE, BATAVIA, NY"
Nicholas Institute of Sports Medicine & Athletic Training,"Lenox Hospital - 130 E, 77th Street, New York, NY",New York,NY,PT,False,True,False,40.7736255,-73.9603411,"LENOX HOSPITAL - 130 E, 77TH STREET, NEW YORK, NY"
"NJA Therapy Services, Inc.","1655 E 6th St, #204, Corona, CA",Corona,CA,OT,True,False,False,33.874554,-117.5306735,"1655 E 6TH ST, #204, CORONA, CA"
North Bay Physical Therapy,"9000 Soquel Ave, #101A, Santa Cruz, CA",Santa Cruz,CA,PT,False,True,False,36.9819188,-121.9665705,"9000 SOQUEL AVE, #101A, SANTA CRUZ, CA"
North Boulder Physical Therapy,"3000 Center Green Drive, Suite 110, Boulder, CO",Boulder,CO,PT,False,True,False,40.0296124,-105.2462783,"3000 CENTER GREEN DRIVE, SUITE 110, BOULDER, CO"
North Canyon Medical Center,"267 N Canyon Dr, Gooding, ID",Gooding,ID,"OT, PA, PT",True,True,True,42.9208939,-114.7098137,"267 N CANYON DR, GOODING, ID"
"North Coast Occupational, Physical and Speech Therapy, PLLC","10 Hospital Drive, Massena, NY",Massena,NY,OT,True,False,False,44.9365444,-74.9076699,"10 HOSPITAL DRIVE, MASSENA, NY"
North Country Adult Medicine,"38 Hospital Drive, Massena, NY",Massena,NY,PA,False,False,True,44.9385086,-74.90918309999999,"38 HOSPITAL DRIVE, MASSENA, NY"
North Country Family Health Center,"238 Arsenal Street, Watertown, NY",Watertown,NY,PA,False,False,True,43.9764746,-75.91517019999999,"238 ARSENAL STREET, WATERTOWN, NY"
North Country Hospital,"186 Medical Village Drive, Newport, VT",Newport,VT,"PT, OT",True,True,False,44.9577145,-72.2010358,"186 MEDICAL VILLAGE DRIVE, NEWPORT, VT"
"North Country Hospital, Dept. of Rehabilitation","81 Medical Village Dr., Suite 3, Newport, VT",Newport,VT,PT,False,True,False,44.9558337,-72.20253,"81 MEDICAL VILLAGE DR., SUITE 3, NEWPORT, VT"
North Country Kids,"22 New York Rd, Plattsburgh, NY",Plattsburgh,NY,"PT, OT",True,True,False,44.6832177,-73.44647189999999,"22 NEW YORK RD, PLATTSBURGH, NY"
North Country Ortho Group Sports Medicine Center,"1571 Washington Street, Watertown, NY",Watertown,NY,PT,False,True,False,43.9506469,-75.91382449999999,"1571 WASHINGTON STREET, WATERTOWN, NY"
North Lake Physical Therapy-Portland Northeast,"332 NE San Rafael Street, Portland, OR",Portland,OR,PT,False,True,False,45.5368351,-122.6620283,"332 NE SAN RAFAEL STREET, PORTLAND, OR"
North Star Health Alliance,"1001 West Street, Carthage, NY",Carthage,NY,OT,True,False,False,43.9871884,-75.5941331,"1001 WEST STREET, CARTHAGE, NY"
Northeast PT Associates,"124 E Centre Street, Shenandoah, PA",Shenandoah,PA,PT,False,True,False,40.8206074,-76.1989765,"124 E CENTRE STREET, SHENANDOAH, PA"
Northeastern Vermont Regional Hospital,"1315 Hospital Drive, PO Box 905, St Johnsbury, VT",St Johnsbury,VT,PT,False,True,False,44.4457643,-72.00969789999999,"1315 HOSPITAL DRIVE, PO BOX 905, ST JOHNSBURY, VT"
Northern Duchess,"6511 Springbrook Ave, Rhineback, NY",Rhineback,NY,PT,False,True,False,41.9355377,-73.91315639999999,"6511 SPRINGBROOK AVE, RHINEBACK, NY"
Northern Lights Home Health Care,"91 Main St, Canton, NY",Canton,NY,PT,False,True,False,44.59581499999999,-75.169737,"91 MAIN ST, CANTON, NY"
Northern Nurse Practitioners Dermatology & Aesthetics,"19472 US RT 11, Suite N 101, Watertown, NY",Watertown,NY,PA,False,False,True,43.9485745,-75.9137515,"19472 US RT 11, SUITE N 101, WATERTOWN, NY"
Northern PT,"569 Main Street, Lyndonville, VT",Lyndonville,VT,PT,False,True,False,44.5416178,-72.00139790000001,"569 MAIN STREET, LYNDONVILLE, VT"
Northern PT,"203 State Street, Ogdensburg, NY",Ogdensburg,NY,PT,False,True,False,44.69826260000001,-75.4937751,"203 STATE STREET, OGDENSBURG, NY"
Northwestern Medical Center,"133 Fairfield Street, Saint Albans, VT",Saint Albans,VT,PT,False,True,False,44.8074162,-73.0718954,"133 FAIRFIELD STREET, SAINT ALBANS, VT"
Northwestern Medical Center (VT),"133 Fairfield St., St. Abans, VT",St. Abans,VT,PA,False,False,True,44.8074162,-73.0718954,"133 FAIRFIELD ST., ST. ABANS, VT"
Norwood IRA,"3 Noreen Dr, Norwood, NY",Norwood,NY,OT,True,False,False,44.7412964,-75.01412010000001,"3 NOREEN DR, NORWOOD, NY"
Norwood Norfolk Central School,"7852 State Highway 56, Norwood, NY",Norwood,NY,OT,True,False,False,44.77495529999999,-74.9883332,"7852 STATE HIGHWAY 56, NORWOOD, NY"
NovaCare,"9815 Roosevelt Blvd, Philadelphia, PA",Philadelphia,PA,OT,True,False,False,40.0856834,-75.0221416,"9815 ROOSEVELT BLVD, PHILADELPHIA, PA"
NovaCare Rehabilitation / Select Physical Therapy,"680 American Avenue, King of Prussia, PA",King of Prussia,PA,PT,False,True,False,40.0941909,-75.3946976,"680 AMERICAN AVENUE, KING OF PRUSSIA, PA"
"NW Sports, Physical Therapy, Inc.","1550 S Union Avenue #130, Tacoma, WA",Tacoma,WA,PT,False,True,False,47.2453125,-122.4838292,"1550 S UNION AVENUE #130, TACOMA, WA"
Nyack Pediatrics,"311 N Midland Ave, Nyack, NY",Nyack,NY,PA,False,False,True,41.0999938,-73.9230354,"311 N MIDLAND AVE, NYACK, NY"
Nyman Associates,"220 Commerce Drive, Fort Washington, PA",Fort Washington,PA,OT,True,False,False,40.1382406,-75.2021705,"220 COMMERCE DRIVE, FORT WASHINGTON, PA"
NYS Office for People with Developmental Disabilities - Region 2 - Central NY,"187 Northern Concourse, North Syracuse, NY",North Syracuse,NY,OT,True,False,False,43.109142,-76.153339,"187 NORTHERN CONCOURSE, NORTH SYRACUSE, NY"
NYS Psychiatric Institute,"513 W. 166th St., 4th Floor, New York, NY",New York,NY,OT,True,False,False,40.8392849,-73.9386409,"513 W. 166TH ST., 4TH FLOOR, NEW YORK, NY"
NYU Langone,"240 East 38th St , 15th floor Admin Suite, New York, NY",New York,NY,PT,False,True,False,40.7473709,-73.9750627,"240 EAST 38TH ST , 15TH FLOOR ADMIN SUITE, NEW YORK, NY"
OAA Physical Therapy and Hand Rehab,"4652 Broadway, Allentown, PA",Allentown,PA,"OT, PA, PT",True,True,True,40.5877032,-75.561266,"4652 BROADWAY, ALLENTOWN, PA"
Oakdale Physical Therapy and Fitness,"216 Reynolds Road, Johnson City, NY",Johnson City,NY,PT,False,True,False,42.125518,-75.971406,"216 REYNOLDS ROAD, JOHNSON CITY, NY"
OAS Specialized Therapy Services,"4204-A Adams Avenue, San Diego, CA",San Diego,CA,OT,True,False,False,32.7634197,-117.1045556,"4204-A ADAMS AVENUE, SAN DIEGO, CA"
Ocean Family & Geriatrics Associates,"20 Hospital Dr STE 3, Toms River, NJ",Toms River,NJ,PA,False,False,True,39.965017,-74.2180625,"20 HOSPITAL DR STE 3, TOMS RIVER, NJ"
Ocean Township School District,"163 Monmouth Road, Oakhurst, NJ",Oakhurst,NJ,OT,True,False,False,40.2642301,-74.0122547,"163 MONMOUTH ROAD, OAKHURST, NJ"
Olean General Hospital,"515 Main Street, Olean, NY",Olean,NY,PT,False,True,False,42.0898024,-78.4277642,"515 MAIN STREET, OLEAN, NY"
Omni Rehabilitation,"1651 Coney Island Avenue, Brooklyn, NY",Brooklyn,NY,OT,True,False,False,40.6171061,-73.9633052,"1651 CONEY ISLAND AVENUE, BROOKLYN, NY"
"On Track Physical Therapy, LLC","21 Essex Way, Suite 106, Essex Jct., VT",Essex Jct.,VT,PT,False,True,False,44.50724599999999,-73.0828689,"21 ESSEX WAY, SUITE 106, ESSEX JCT., VT"
One Step Ahead Physical Therapy,"2 Healey Ave, Plattsburgh, NY",Plattsburgh,NY,PT,False,True,False,44.6964121,-73.4834765,"2 HEALEY AVE, PLATTSBURGH, NY"
One to One Physical Therapy & Aquatics,"7015 Beracasa Way FL, Boca Raton, FL",Boca Raton,FL,PT,False,True,False,26.3511537,-80.1546343,"7015 BERACASA WAY FL, BOCA RATON, FL"
Oneida Health,"321 Genesee St., Oneida, NY",Oneida,NY,PA,False,False,True,43.0779348,-75.6536984,"321 GENESEE ST., ONEIDA, NY"
Oneida Health Center,"221 Broad Street, Oneida, NY",Oneida,NY,"PT, OT",True,True,False,43.0923825,-75.65149339999999,"221 BROAD STREET, ONEIDA, NY"
Oneida Medical Associates,"600 Seneca St., Oneida, NY",Oneida,NY,PA,False,False,True,43.0772013,-75.6524934,"600 SENECA ST., ONEIDA, NY"
OnetoOne Physical Therapy & Aquatics- Boynton Beach,"1700 West Woolbright Road, Suite 1, Boynton Beach, FL",Boynton Beach,FL,PT,False,True,False,26.5136558,-80.079297,"1700 WEST WOOLBRIGHT ROAD, SUITE 1, BOYNTON BEACH, FL"
ONONDAGA Physical Therapy,"604  Old Liverpool Road, Liverpool, NY",Liverpool,NY,PT,False,True,False,43.0916537,-76.19089699999999,"604 OLD LIVERPOOL ROAD, LIVERPOOL, NY"
Optum Medical Care P.C.,"90 South Bedford Rd., Mount Kisco, NY",Mount Kisco,NY,PA,False,False,True,41.1967009,-73.7195593,"90 SOUTH BEDFORD RD., MOUNT KISCO, NY"
Oregon Health,"901 E. 18th Avenue, Eugene, OR",Eugene,OR,"PA, PT, OT",True,True,True,44.04051159999999,-123.0792351,"901 E. 18TH AVENUE, EUGENE, OR"
Oregon State Hospital,"2600 Center St NE, Salem, OR",Salem,OR,OT,True,False,False,44.9393328,-123.0038712,"2600 CENTER ST NE, SALEM, OR"
Origami Brain Injury Rehabilitation Center,"3181 Sandhill Rd., Mason, MI",Mason,MI,OT,True,False,False,42.6680929,-84.4700942,"3181 SANDHILL RD., MASON, MI"
Orlando Children's Therapy,"6000 S Rio Grande Ave, Suite 206, Orlando, FL",Orlando,FL,OT,True,False,False,28.4710106,-81.401298,"6000 S RIO GRANDE AVE, SUITE 206, ORLANDO, FL"
Orthopedic & Spine Physical Therapy,"3 Hunter Brook Lane, Queensbury, NY",Queensbury,NY,PT,False,True,False,43.35915540000001,-73.65948689999999,"3 HUNTER BROOK LANE, QUEENSBURY, NY"
Orthopedic Associates of Lancaster,"2913 Spooky Nook Rd., Suite 100, Mannheim, PA",Mannheim,PA,PT,False,True,False,40.105939,-76.419305,"2913 SPOOKY NOOK RD., SUITE 100, MANNHEIM, PA"
Orthopedics Northeast P.C.,"323 Lowell St., Andover, MA",Andover,MA,PA,False,False,True,42.6479473,-71.1853438,"323 LOWELL ST., ANDOVER, MA"
Orthopedics Plus,"2109 Routes 5 & 20, Seneca Falls, NY",Seneca Falls,NY,PT,False,True,False,42.90721509999999,-76.82759089999999,"2109 ROUTES 5 & 20, SENECA FALLS, NY"
Oswego Health,"110 W. 6th St., Oswego, NY",Oswego,NY,PT,False,True,False,43.4540602,-76.51642319999999,"110 W. 6TH ST., OSWEGO, NY"
"OT on the Go, LLC","6262 Meacham Rd, Salem, VA",Salem,VA,OT,True,False,False,37.2530903,-80.1952079,"6262 MEACHAM RD, SALEM, VA"
"Our Lady of Lourdes Memorial Hospital, Inc.","169 Riverside Drive, Binghamton, NY",Binghamton,NY,PT,False,True,False,42.09190419999999,-75.9354371,"169 RIVERSIDE DRIVE, BINGHAMTON, NY"
"Outdoor Kids OT, Inc.","2930 Domingo Ave. #1092, Berkeley, CA",Berkeley,CA,OT,True,False,False,37.8583287,-122.2441625,"2930 DOMINGO AVE. #1092, BERKELEY, CA"
Outpatient Physical Therapy,"13106 SE 240th St, Ste 103, Kent, WA",Kent,WA,PT,False,True,False,47.3874038,-122.1667152,"13106 SE 240TH ST, STE 103, KENT, WA"
Outreach Manual Physical Therapy PC,"243-51 Merrick Boulevard, Rosedale, NY",Rosedale,NY,PT,False,True,False,40.6743867,-73.7288791,"243-51 MERRICK BOULEVARD, ROSEDALE, NY"
Pakolea LLC dba Big Island Physical Therapy,"740 Kilauea Avenue, Hilo, HI",Hilo,HI,PT,False,True,False,19.7166667,-155.0796023,"740 KILAUEA AVENUE, HILO, HI"
Palm Beach Institute of Sports Medicine,"3848 FAU Blvd., Suite 105, Boca Raton, FL",Boca Raton,FL,"PT, OT",True,True,False,26.383745,-80.09727509999999,"3848 FAU BLVD., SUITE 105, BOCA RATON, FL"
Palm Beach Orthopedic Institute,"4215 Burns Rd, Ste 280, Palm Beach Gardens, FL, Palm Beach Gardens, FL",Palm Beach Gardens,FL,PT,False,True,False,26.8313828,-80.1007616,"4215 BURNS RD, STE 280, PALM BEACH GARDENS, FL, PALM BEACH GARDENS, FL"
Par4Success,"2200 Gateway Centre Blvd, #2013, Morrisville, NC",Morrisville,NC,PT,False,True,False,35.847823,-78.8033293,"2200 GATEWAY CENTRE BLVD, #2013, MORRISVILLE, NC"
Paradigm Physical Therapy,"701 North Grant Ave, Odessa, TX",Odessa,TX,PT,False,True,False,31.850327,-102.3714245,"701 NORTH GRANT AVE, ODESSA, TX"
Paragon Physical Therapy,"211-L Central Park Avenue, Pinehurst, NC",Pinehurst,NC,PT,False,True,False,35.20552199999999,-79.4829007,"211-L CENTRAL PARK AVENUE, PINEHURST, NC"
Parrish Hospital,"951 North Washington Ave., Titusville, FL",Titusville,FL,PT,False,True,False,28.6304665,-80.82450109999999,"951 NORTH WASHINGTON AVE., TITUSVILLE, FL"
Partners in PT,"880 Broadway, Saugus, MA",Saugus,MA,PT,False,True,False,42.46989,-71.024598,"880 BROADWAY, SAUGUS, MA"
Pate Rehabilitation,"250 Ben's Trail, Fort Worth, TX",Fort Worth,TX,"OT, PT, PA",True,True,True,32.7773704,-97.2018768,"250 BEN'S TRAIL, FORT WORTH, TX"
Peaks To Plains Therapy/Connections,"1460 Elk Creek Drive, Idaho Falls, ID",Idaho Falls,ID,OT,True,False,False,43.4658209,-112.0049356,"1460 ELK CREEK DRIVE, IDAHO FALLS, ID"
Pearl PT,"135 South Peru St, Plattsburgh, NY",Plattsburgh,NY,PT,False,True,False,44.6771277,-73.4577135,"135 SOUTH PERU ST, PLATTSBURGH, NY"
"Pediatric & Adolescent Medical Associates, P.C.","117 W Liberty St #1, Rome, NY",Rome,NY,PA,False,False,True,43.21219929999999,-75.4579278,"117 W LIBERTY ST #1, ROME, NY"
Pediatric Associates of Watertown,"20011 Summit View Blvd, Watertown, NY",Watertown,NY,PA,False,False,True,43.9469538,-75.9117422,"20011 SUMMIT VIEW BLVD, WATERTOWN, NY"
Pediatric Development Center,"15850 Crabbs Branch Way, #150, Rockville, MD",Rockville,MD,OT,True,False,False,39.1142612,-77.157772,"15850 CRABBS BRANCH WAY, #150, ROCKVILLE, MD"
Pediatric Theraplay Holdings,"1380 Enterprise Drive Suite 200, West Chester, PA",West Chester,PA,OT,True,False,False,39.989507,-75.5583293,"1380 ENTERPRISE DRIVE SUITE 200, WEST CHESTER, PA"
Pediatric Therapy Services,"304 NE Hood Ave, Gresham, OR",Gresham,OR,"OT, PT",True,True,False,45.4998418,-122.4277931,"304 NE HOOD AVE, GRESHAM, OR"
Penfield Psychiatry,"2060 Fairport Nine Mile Point Rd Suite 400, Penfield, NV",Penfield,NV,PA,False,False,True,43.1341079,-77.44076059999999,"2060 FAIRPORT NINE MILE POINT RD SUITE 400, PENFIELD, NV"
Penn State Health,"100 Crystal A Drive, MC CA210, Hershey, PA",Hershey,PA,OT,True,False,False,40.3010363,-76.64865859999999,"100 CRYSTAL A DRIVE, MC CA210, HERSHEY, PA"
"Penrose Hospital, Center for Physical Medicine and Rehab","2222 N Nevada Ave, Colorado Springs, CO",Colorado Springs,CO,PT,False,True,False,38.8658434,-104.8216137,"2222 N NEVADA AVE, COLORADO SPRINGS, CO"
Performance Physical Therapy,"99 Fourth Street, Suite 102, Chelsea, MA",Chelsea,MA,PT,False,True,False,42.39448429999999,-71.03850229999999,"99 FOURTH STREET, SUITE 102, CHELSEA, MA"
Perkins Chiro. & PUC,"87 Hammond Lane, Suite A, Plattsburgh, NY",Plattsburgh,NY,PT,False,True,False,44.6923547,-73.5001249,"87 HAMMOND LANE, SUITE A, PLATTSBURGH, NY"
Peru Central School,"17 School Street, Peru, NY",Peru,NY,"OT, PT",True,True,False,44.5822943,-73.5349215,"17 SCHOOL STREET, PERU, NY"
Peru Central School District,"116 Pleasant Street, Peru, NY",Peru,NY,"OT, PT",True,True,False,44.5817059,-73.5367167,"116 PLEASANT STREET, PERU, NY"
Pettigrew Rehabilitation Center,"1515 West  Pettigrew St, Durham, NC",Durham,NC,"PT, OT",True,True,False,36.0052089,-78.92147969999999,"1515 WEST PETTIGREW ST, DURHAM, NC"
Pettigrew Rehabilitation CEnter,"1515 W. Pettigrew Street, Durham, NC",Durham,NC,PT,False,True,False,36.0052089,-78.92147969999999,"1515 W. PETTIGREW STREET, DURHAM, NC"
Phelps Memorial Hospital Center,"701 North Broadway, Sleepy Hollow, NY",Sleepy Hollow,NY,PT,False,True,False,41.1096292,-73.8631402,"701 NORTH BROADWAY, SLEEPY HOLLOW, NY"
Philadelphia Hand Center,"700 South Henderson Road, Suite 200, King of Prussia, PA",King of Prussia,PA,PT,False,True,False,40.0761805,-75.3521938,"700 SOUTH HENDERSON ROAD, SUITE 200, KING OF PRUSSIA, PA"
Phoenix Physical Therapy,"4498 Main St., Suite 200, Amherst, NY",Amherst,NY,PT,False,True,False,42.9639466,-78.7837184,"4498 MAIN ST., SUITE 200, AMHERST, NY"
Phoenix PT,"447 Frogtown Road Suite 301, Hogansburg, NY",Hogansburg,NY,PT,False,True,False,44.9767433,-74.70688899999999,"447 FROGTOWN ROAD SUITE 301, HOGANSBURG, NY"
Physical Therapy Center of Vermont,"115 Wellness Drive, Williston, VT",Williston,VT,PT,False,True,False,44.4468184,-73.1253437,"115 WELLNESS DRIVE, WILLISTON, VT"
Physical Therapy First - Roland Park,"200 W. Cold Spring Lane, Suite #300, Baltimore, MD",Baltimore,MD,PT,False,True,False,39.3452608,-76.626975,"200 W. COLD SPRING LANE, SUITE #300, BALTIMORE, MD"
PIH Health,"12401 Washington Blvd., Whittier, CA",Whittier,CA,PT,False,True,False,33.9690304,-118.0490717,"12401 WASHINGTON BLVD., WHITTIER, CA"
Pinehurst Surgical Center,"5 First Village Drive, Pinehurst, NC",Pinehurst,NC,PT,False,True,False,35.2075261,-79.45841159999999,"5 FIRST VILLAGE DRIVE, PINEHURST, NC"
Pinnacle Rehabilitation Network,"73 Newtown Rd, STE 101, Plaistow, NH",Plaistow,NH,"PT, OT",True,True,False,42.8364781,-71.0947805,"73 NEWTOWN RD, STE 101, PLAISTOW, NH"
Pivot Physical Therapy,"17750 Creamery Road Seton Square, Suite B7, Emmitsburg, MD",Emmitsburg,MD,PT,False,True,False,39.6981964,-77.3172302,"17750 CREAMERY ROAD SETON SQUARE, SUITE B7, EMMITSBURG, MD"
Planned Parenthood of the North Country New York,"160 Stone St., Watertown, NY",Watertown,NY,PA,False,False,True,43.9743775,-75.91327059999999,"160 STONE ST., WATERTOWN, NY"
Plattsburgh Pediatrics,"151 Bridge St., Plattsburgh, NY",Plattsburgh,NY,PA,False,False,True,44.6961678,-73.4443339,"151 BRIDGE ST., PLATTSBURGH, NY"
Plattsburgh Rehabilitation & Nursing Center,"8 Bushey Blvd, Plattsburg, NY",Plattsburg,NY,OT,True,False,False,44.682083,-73.4596526,"8 BUSHEY BLVD, PLATTSBURG, NY"
Play Space Pediatrics,"11609 1/2 Washington Place, Los Angeles, CA",Los Angeles,CA,OT,True,False,False,34.0050212,-118.4209881,"11609 1/2 WASHINGTON PLACE, LOS ANGELES, CA"
Portneuf Medical Center,"777 Hospital Way, Pocatello, ID",Pocatello,ID,PT,False,True,False,42.8732278,-112.4212267,"777 HOSPITAL WAY, POCATELLO, ID"
Potsdam Central School District,"29 Leroy Street, Potsdam, NY",Potsdam,NY,"PT, PA, OT",True,True,True,44.6751649,-74.9803202,"29 LEROY STREET, POTSDAM, NY"
Powerback Rehabilitation,"ss, s, AL",s,AL,OT,True,False,False,,,"SS, S, AL"
Precision Rehab,"180-22 Union Turnpike, Fresh Meadows, NY",Fresh Meadows,NY,OT,True,False,False,40.7269956,-73.7872455,"180-22 UNION TURNPIKE, FRESH MEADOWS, NY"
Preferred Therapy Solutions,"850 Silas Deane Hwy, 2nd Floor, Wethersfield, CT",Wethersfield,CT,OT,True,False,False,41.70061700000001,-72.6588689,"850 SILAS DEANE HWY, 2ND FLOOR, WETHERSFIELD, CT"
Premier Therapy - Mountain View Hospital,"3814 Washington Parkway, Idaho Falls, ID",Idaho Falls,ID,OT,True,False,False,43.4632272,-111.9937077,"3814 WASHINGTON PARKWAY, IDAHO FALLS, ID"
Primary Therapy Source,"254 River Vista Place, Twin Falls, ID",Twin Falls,ID,OT,True,False,False,42.5968318,-114.4762402,"254 RIVER VISTA PLACE, TWIN FALLS, ID"
Prisma Health,"7 Richland Medical Park Dr, Columbia, SC",Columbia,SC,OT,True,False,False,34.027767,-81.032015,"7 RICHLAND MEDICAL PARK DR, COLUMBIA, SC"
Prisma Health Children’s Hospital - Kidnetics,"701 Grove Rd., Greenville, SC",Greenville,SC,OT,True,False,False,34.8185674,-82.4109361,"701 GROVE RD., GREENVILLE, SC"
Pro Staff Physical Therapy,"935 Allwood Rd, Clifton, NJ",Clifton,NJ,PT,False,True,False,40.8521972,-74.17329,"935 ALLWOOD RD, CLIFTON, NJ"
Proactive Physical Therapy,"358 Madison Street, Waterville, NY",Waterville,NY,PT,False,True,False,42.9272596,-75.39102480000001,"358 MADISON STREET, WATERVILLE, NY"
Professional Orthopedics and Sports PT,"333 Earle Ovington Bld, Suite 225, Uniondale, NY",Uniondale,NY,PT,False,True,False,40.7253373,-73.59370659999999,"333 EARLE OVINGTON BLD, SUITE 225, UNIONDALE, NY"
Professional Physical Therapy,"576 Broadhollow Road, Melville, NY",Melville,NY,PT,False,True,False,40.764906,-73.4241977,"576 BROADHOLLOW ROAD, MELVILLE, NY"
Professional Rehabilitation Services,"38 Business Center Dr, PO Box 2397, First Citizens Business Center, Pawleys Island, SC",Pawleys Island,SC,PT,False,True,False,33.4447698,-79.12144479999999,"38 BUSINESS CENTER DR, PO BOX 2397, FIRST CITIZENS BUSINESS CENTER, PAWLEYS ISLAND, SC"
Profizix,"3392 Motor Ave., Los Angeles, CA",Los Angeles,CA,PT,False,True,False,34.0279293,-118.4093959,"3392 MOTOR AVE., LOS ANGELES, CA"
"ProMet Physical Therapy, PC","71-19 80th St. Suite #8210, Glendale, NY",Glendale,NY,PT,False,True,False,40.7075424,-73.86875049999999,"71-19 80TH ST. SUITE #8210, GLENDALE, NY"
Providence Health System Southern CA,"20555 Earl Street, Torrence, CA",Torrence,CA,"PT, OT",True,True,False,33.843695,-118.3586707,"20555 EARL STREET, TORRENCE, CA"
Providence Health System SW Washington/Oregon,"315 SE Stone Mill Drive, Suite 200, Vancouver, WA",Vancouver,WA,PT,False,True,False,45.6193825,-122.5346753,"315 SE STONE MILL DRIVE, SUITE 200, VANCOUVER, WA"
Providence Hospital -- Alaska,"3760 Piper Street, LL064, Anchorage, AK",Anchorage,AK,PT,False,True,False,61.18589600000001,-149.8262458,"3760 PIPER STREET, LL064, ANCHORAGE, AK"
Providence St. Patrick Hospital,"500 W Broadway St, Missoula, MT",Missoula,MT,PA,False,False,True,46.8753841,-114.0000073,"500 W BROADWAY ST, MISSOULA, MT"
Psych 4 U,"2010 NW 150th Ave #120, Pembroke Pines, FL",Pembroke Pines,FL,PA,False,False,True,26.0264312,-80.3489073,"2010 NW 150TH AVE #120, PEMBROKE PINES, FL"
"PT 360, Inc.","426 Industrial Ave, Williston, VT",Williston,VT,PT,False,True,False,44.4606381,-73.1229539,"426 INDUSTRIAL AVE, WILLISTON, VT"
Pt Solutions _ Plant City,"1902 James L Redman Pkwy, Plant City, FL",Plant City,FL,PT,False,True,False,27.994175,-82.1214012,"1902 JAMES L REDMAN PKWY, PLANT CITY, FL"
PT Solutions Physical Therapy,"5401 Corporate Woods Drive, Suite 300, Pensacola, FL",Pensacola,FL,"OT, PT",True,True,False,30.4773781,-87.1998419,"5401 CORPORATE WOODS DRIVE, SUITE 300, PENSACOLA, FL"
Raleigh Orthopedic Clinic,"781 Avent Ferry, Suite 110, Holly SPrings, NC",Holly SPrings,NC,"PT, OT",True,True,False,35.6431437,-78.8374041,"781 AVENT FERRY, SUITE 110, HOLLY SPRINGS, NC"
Ramsey Rehabilitation,"39 Cinema Boulevard, Leominster, MA",Leominster,MA,PT,False,True,False,42.53116,-71.74878269999999,"39 CINEMA BOULEVARD, LEOMINSTER, MA"
Rancho Los Amigos Hospital,"7601 East Imperial Highway, Downey, CA",Downey,CA,PT,False,True,False,33.9309257,-118.1794061,"7601 EAST IMPERIAL HIGHWAY, DOWNEY, CA"
RBNY Physical Therapy,"119-15 ROCKAWAY BEACH BLVD., Rockaway Park, NY",Rockaway Park,NY,PT,False,True,False,40.5785977,-73.8402419,"119-15 ROCKAWAY BEACH BLVD., ROCKAWAY PARK, NY"
Rebecca School,"40 E 30th St, New York, NY",New York,NY,OT,True,False,False,40.7447769,-73.9839198,"40 E 30TH ST, NEW YORK, NY"
Redington-Fairview General Hospital,"P.O. Box 468, 46 Fairview Ave., Skowhegan, ME",Skowhegan,ME,"OT, PT",True,True,False,44.7593498,-69.7135128,"P.O. BOX 468, 46 FAIRVIEW AVE., SKOWHEGAN, ME"
Regional Therapy Center of Saratoga Hospital,"211 Church Street, Saratoga Springs, NY",Saratoga Springs,NY,PT,False,True,False,43.0856303,-73.7971032,"211 CHURCH STREET, SARATOGA SPRINGS, NY"
Rehab 2 Perform,"20310 Seneca Meadows Parkway, Suite B, Germantown, MD",Germantown,MD,PT,False,True,False,39.1884107,-77.25385310000001,"20310 SENECA MEADOWS PARKWAY, SUITE B, GERMANTOWN, MD"
Rehab Associates of Central Virginia-Forestbrook,"3211 Forest Brook Rd, Lynchburg, VA",Lynchburg,VA,PT,False,True,False,37.4096392,-79.21070399999999,"3211 FOREST BROOK RD, LYNCHBURG, VA"
Rehab Management,"2241 Peggy Ln, #C, Garland, TX",Garland,TX,PT,False,True,False,32.918081,-96.65843199999999,"2241 PEGGY LN, #C, GARLAND, TX"
Rehab Resources,"159 W. First St., Oswego, NY",Oswego,NY,"PT, OT",True,True,False,43.457483,-76.5113525,"159 W. FIRST ST., OSWEGO, NY"
Rehab Visions,"11623 Arbor Street, Omaha, NE",Omaha,NE,PT,False,True,False,41.2356214,-96.09510709999999,"11623 ARBOR STREET, OMAHA, NE"
Rehabilitation Specialists,"18-01 Pollitt Drive, Suite 1A, Fair Lawn, NJ",Fair Lawn,NJ,PT,False,True,False,40.9455749,-74.1278051,"18-01 POLLITT DRIVE, SUITE 1A, FAIR LAWN, NJ"
Reliant Medical Group,"5 Neponset St, Worchester, MA",Worchester,MA,OT,True,False,False,42.2990419,-71.8012743,"5 NEPONSET ST, WORCHESTER, MA"
Reliant Medical Group,"50 Gold Star Blvd, Worcester, MA",Worcester,MA,PT,False,True,False,42.28759530000001,-71.8049631,"50 GOLD STAR BLVD, WORCESTER, MA"
"Remedy3, LLC","219 N Main street, Barre, VT",Barre,VT,PT,False,True,False,44.1996908,-72.5031278,"219 N MAIN STREET, BARRE, VT"
Richmond University Medical Center,"355 Bard Avenue, Staten Island, NY",Staten Island,NY,OT,True,False,False,40.6356031,-74.1055743,"355 BARD AVENUE, STATEN ISLAND, NY"
Rio Grande Regional Healthcare,"101 East Ridge Road, McAllen, TX",McAllen,TX,PT,False,True,False,26.1865145,-98.2206056,"101 EAST RIDGE ROAD, MCALLEN, TX"
River Hospital,"4 Fuller Street, Alexandria Bay, NY",Alexandria Bay,NY,"PT, PA",False,True,True,44.3376875,-75.92044159999999,"4 FULLER STREET, ALEXANDRIA BAY, NY"
River Valley Home Health,"500 N Lake Havasu Ave, #D104, Lake Havasu City, AZ",Lake Havasu City,AZ,OT,True,False,False,34.4893667,-114.3472981,"500 N LAKE HAVASU AVE, #D104, LAKE HAVASU CITY, AZ"
Riverside Community Care,"270 Bridge Street, Suite 301, Dedham, MA",Dedham,MA,"PT, OT",True,True,False,42.26194,-71.177246,"270 BRIDGE STREET, SUITE 301, DEDHAM, MA"
Riverside Community Care - Early Intervention,"255 Highland Avenue, Needham, MA",Needham,MA,OT,True,False,False,42.3041373,-71.2222637,"255 HIGHLAND AVENUE, NEEDHAM, MA"
Riverside Medical Center,"350 N. Wall St., Kankakee, IL",Kankakee,IL,PT,False,True,False,41.1246669,-87.88150619999999,"350 N. WALL ST., KANKAKEE, IL"
Robert wood Johnson University Hospital,"1 Robert Wood Johnson Place, New Brunswick, NJ",New Brunswick,NJ,PT,False,True,False,40.4951556,-74.4500083,"1 ROBERT WOOD JOHNSON PLACE, NEW BRUNSWICK, NJ"
Rochester City School District,"131 W. Broad St., Rochester, NY",Rochester,NY,OT,True,False,False,43.1535805,-77.6160153,"131 W. BROAD ST., ROCHESTER, NY"
Rochester Regional Health,"100 Kings Highway South, Rochester, NY",Rochester,NY,"PT, PA, OT",True,True,True,43.2016145,-77.5750053,"100 KINGS HIGHWAY SOUTH, ROCHESTER, NY"
"Rockville Nursing Home - AEGIS Therapies, Inc","303 Adclare Road, Rockville, MD",Rockville,MD,OT,True,False,False,39.08181099999999,-77.1706755,"303 ADCLARE ROAD, ROCKVILLE, MD"
Rome Mem. Hospital- Chestnut Commons PT & Rehab Center,"107 East Chestnut St, Suite 104, Rome, NY",Rome,NY,PT,False,True,False,43.23174909999999,-75.4407137,"107 EAST CHESTNUT ST, SUITE 104, ROME, NY"
Rome Memorial Hospital,"1500 North James St, Rome, NY",Rome,NY,PT,False,True,False,43.2291281,-75.4423925,"1500 NORTH JAMES ST, ROME, NY"
Rose Tree Media School District,"308 N. Olive Street, Media, PA",Media,PA,OT,True,False,False,39.9212345,-75.3907633,"308 N. OLIVE STREET, MEDIA, PA"
Roswell Park Cancer Institute,"Elm & Carlton Streets, Buffalo, NY",Buffalo,NY,PT,False,True,False,42.8985338,-78.86499590000001,"ELM & CARLTON STREETS, BUFFALO, NY"
Rutgers Rehabilitation and Injury Prevention,"83 Rockafellar Rd, Piscataway, NJ",Piscataway,NJ,PT,False,True,False,40.5250177,-74.4409019,"83 ROCKAFELLAR RD, PISCATAWAY, NJ"
Ruth Waldrop,"1025 W24th Street, Suite 8, Yuma, AZ",Yuma,AZ,OT,True,False,False,32.6834304,-114.6315025,"1025 W24TH STREET, SUITE 8, YUMA, AZ"
Rutland Regional Medical Center,"160 Allen Street, Rutland, VT",Rutland,VT,"PT, OT",True,True,False,43.5982495,-72.955133,"160 ALLEN STREET, RUTLAND, VT"
Rutland Regional Medical Center,"160 Allen Street, Rutland, VT",Rutland,VT,PT,False,True,False,43.5982495,-72.955133,"160 ALLEN STREET, RUTLAND, VT"
RWJBarnabas Health - Community Medical Center,"99 NJ-37, Toms River, NJ",Toms River,NJ,PA,False,False,True,39.96382639999999,-74.21573149999999,"99 NJ-37, TOMS RIVER, NJ"
Saint Regis Mohawk Tribe Health Services,"404 NY-37, Akwesasne, NY",Akwesasne,NY,PA,False,False,True,44.9777833,-74.6854465,"404 NY-37, AKWESASNE, NY"
Saint Vincent Hospital,"123 Summer Street, Worcester, MA",Worcester,MA,PT,False,True,False,42.264678,-71.79647670000001,"123 SUMMER STREET, WORCESTER, MA"
Salem Health and Rehabilitation Center,"1945 Roanoke Boulevard, Salem, VA",Salem,VA,OT,True,False,False,37.27755519999999,-80.0221237,"1945 ROANOKE BOULEVARD, SALEM, VA"
Salveo Integrative Health,"311 Gwinnett Drive SW, Lawrenceville, GA",Lawrenceville,GA,PA,False,False,True,33.9412364,-83.9907657,"311 GWINNETT DRIVE SW, LAWRENCEVILLE, GA"
Samaritan Medical Center,"1025 Center Street, Ashland, OH",Ashland,OH,PT,False,True,False,40.8592017,-82.30937519999999,"1025 CENTER STREET, ASHLAND, OH"
Sanders Hand and Pediatric Therapy,"P.O. Box 965 Wilsonville, OR. 97070-0965, Woodburn, OR",Woodburn,OR,"PT, PA, OT",True,True,True,45.3029344,-122.7726687,"P.O. BOX 965 WILSONVILLE, OR. 97070-0965, WOODBURN, OR"
"Sanjeev Gupta, MD","31 Hospital Drive, Massena, NY",Massena,NY,PA,False,False,True,44.9371726,-74.9105155,"31 HOSPITAL DRIVE, MASSENA, NY"
Santa Rosa Medical Center,"6002 Berryhill Road, Milton, FL",Milton,FL,PT,False,True,False,30.63378,-87.0667971,"6002 BERRYHILL ROAD, MILTON, FL"
Santa Rosa Medical Center,"6002 Berryhill Road, Milton, FL",Milton,FL,PT,False,True,False,30.63378,-87.0667971,"6002 BERRYHILL ROAD, MILTON, FL"
SARAH Inc.,"1620 Boston Post Road, Westbrook, CT",Westbrook,CT,OT,True,False,False,41.2808013,-72.4346231,"1620 BOSTON POST ROAD, WESTBROOK, CT"
Sarasota Memorial Health Care System,"1700 S. Tamiami Trail, Sarasota, FL",Sarasota,FL,PT,False,True,False,27.3174758,-82.53182009999999,"1700 S. TAMIAMI TRAIL, SARASOTA, FL"
Saratoga Physical Therapy Associates,"5 Care Lane, Saratoga Springs, NY",Saratoga Springs,NY,PT,False,True,False,43.0867168,-73.80867330000001,"5 CARE LANE, SARATOGA SPRINGS, NY"
Seabrook of Hilton Head,"300 Woodhaven Dr., Hilton Head Island, SC",Hilton Head Island,SC,OT,True,False,False,32.1493033,-80.76214420000001,"300 WOODHAVEN DR., HILTON HEAD ISLAND, SC"
Select Medical,"4714 Gettysburg Road, Mechanicsburg, PA",Mechanicsburg,PA,PT,False,True,False,40.2132338,-76.9602803,"4714 GETTYSBURG ROAD, MECHANICSBURG, PA"
Select Medical Corporation,"4714  Gettysburg Road, Mechanicsburg, PA",Mechanicsburg,PA,"PT, OT",True,True,False,40.2132338,-76.9602803,"4714 GETTYSBURG ROAD, MECHANICSBURG, PA"
Select Physical Therapy,"680 American Avenue, King of Prussia, PA",King of Prussia,PA,OT,True,False,False,40.0941909,-75.3946976,"680 AMERICAN AVENUE, KING OF PRUSSIA, PA"
Select Physical Therapy NovaCare Select Medical/AAMC Group,"680 American Ave, King of Prussia, PA",King of Prussia,PA,PT,False,True,False,40.0941909,-75.3946976,"680 AMERICAN AVE, KING OF PRUSSIA, PA"
Select Physical Therapy- Tukwila,"13030 Military Road S, Suite 108, Tukwila, WA",Tukwila,WA,PT,False,True,False,47.4859066,-122.295197,"13030 MILITARY ROAD S, SUITE 108, TUKWILA, WA"
Select Specialty Hospital - Canton,"1320 Mercy Drive NW, 6 Main, Canton, OH",Canton,OH,OT,True,False,False,40.8121537,-81.3956135,"1320 MERCY DRIVE NW, 6 MAIN, CANTON, OH"
Select Specialty Hospital-Memphis,"1265 Union Ave., Tenth Floor, Thomas Wing, Memphis, TN",Memphis,TN,PT,False,True,False,35.1358666,-90.0192884,"1265 UNION AVE., TENTH FLOOR, THOMAS WING, MEMPHIS, TN"
"Sensory Kids & Social Minds, LLC","158 Newark Avenue NJ, Jersey City, NJ",Jersey City,NJ,OT,True,False,False,40.7208769,-74.0443114,"158 NEWARK AVENUE NJ, JERSEY CITY, NJ"
Shoreline Orthopaedics,"370 120th Ave. #30, Holland, MI",Holland,MI,PA,False,False,True,42.8082607,-86.07905919999999,"370 120TH AVE. #30, HOLLAND, MI"
Shriner's Hospital for Children,"815 Market Street, Galveston, TX",Galveston,TX,"PT, OT",True,True,False,29.309641,-94.77720310000001,"815 MARKET STREET, GALVESTON, TX"
Skin Cancer and Cosmetic Surgery Center of NJ,"10 Parsonage Road, Edison, NJ",Edison,NJ,PA,False,False,True,40.5466946,-74.3314415,"10 PARSONAGE ROAD, EDISON, NJ"
SLC Therapy of WNY,"1419 Union Rd, West Seneca, NY",West Seneca,NY,"OT, PT",True,True,False,42.8388056,-78.7538033,"1419 UNION RD, WEST SENECA, NY"
Slocum Dickson Medical Group,"1729 Burrstone Rd, New Hartford, NY",New Hartford,NY,PA,False,False,True,43.0932121,-75.27909079999999,"1729 BURRSTONE RD, NEW HARTFORD, NY"
"Snasim, INC.","7230 Medical Center Dr. Suite 302, West Hills, CA",West Hills,CA,PA,False,False,True,34.2016993,-118.6289658,"7230 MEDICAL CENTER DR. SUITE 302, WEST HILLS, CA"
Somerset Medical Center c/o Sports Performance & Rehab,"110 Rehill Avenue, Somerville, NJ",Somerville,NJ,PT,False,True,False,40.5681075,-74.5950225,"110 REHILL AVENUE, SOMERVILLE, NJ"
South Arkansas OTA Program,"300 South West Avenue, El Dorado, AZ",El Dorado,AZ,OT,True,False,False,34.0489281,-111.0937311,"300 SOUTH WEST AVENUE, EL DORADO, AZ"
South Shore Hospital,"55 Fogg Rd at Rt 18, South Weymouth, MA",South Weymouth,MA,PT,False,True,False,42.1754573,-70.9539848,"55 FOGG RD AT RT 18, SOUTH WEYMOUTH, MA"
Southeastern Medical,"830 Sunset Boulevard, Sunset Beach, NC",Sunset Beach,NC,PT,False,True,False,33.8956202,-78.49015070000002,"830 SUNSET BOULEVARD, SUNSET BEACH, NC"
Southern Tier Physical Therapy,"200 Front Street, Vestal, NY",Vestal,NY,PT,False,True,False,42.0849059,-76.0568684,"200 FRONT STREET, VESTAL, NY"
Southwest Vermont Supervisory Union,"184 North Street, Suite 1, Bennington, VT",Bennington,VT,OT,True,False,False,42.880389,-73.19732599999999,"184 NORTH STREET, SUITE 1, BENNINGTON, VT"
Sparrow Easton Hospital,"321 East Harris Street, Charlotte, MI",Charlotte,MI,"PT, OT",True,True,False,42.5654901,-84.8318656,"321 EAST HARRIS STREET, CHARLOTTE, MI"
Spaulding Rehabilitation Network,"300 1st Avenue, Boston, MA",Boston,MA,PT,False,True,False,42.3786144,-71.04901389999999,"300 1ST AVENUE, BOSTON, MA"
Spear,"31 E32 Street, 4th Floor, New York, NY",New York,NY,PT,False,True,False,40.7464196,-73.9831744,"31 E32 STREET, 4TH FLOOR, NEW YORK, NY"
SPEAR,"41 Clark Street, Brooklyn, NY",Brooklyn,NY,PT,False,True,False,40.6979146,-73.9944287,"41 CLARK STREET, BROOKLYN, NY"
Specialized Therapy Services,"30 Corporate Park, Suite 108, Irvine, CA",Irvine,CA,OT,True,False,False,33.6884291,-117.8281719,"30 CORPORATE PARK, SUITE 108, IRVINE, CA"
Spectrum Physical Therapy-Mystic,"80 Stonington Road, Suite A-3, Mystic, CT",Mystic,CT,PT,False,True,False,41.3441541,-71.9517116,"80 STONINGTON ROAD, SUITE A-3, MYSTIC, CT"
Speech Works Pediatric Therapy,"569 Health Blvd, Suite A, Daytona Beach, FL",Daytona Beach,FL,PT,False,True,False,29.2082916,-81.06186869999999,"569 HEALTH BLVD, SUITE A, DAYTONA BEACH, FL"
Spooner PT,"9097 E Desert Cove Ave., Suite 110, Scottsdale, AZ",Scottsdale,AZ,PT,False,True,False,33.5847268,-111.8846189,"9097 E DESERT COVE AVE., SUITE 110, SCOTTSDALE, AZ"
Sport PT of NY,"1 West Ave, Suite 150, Saratoga Springs, NY",Saratoga Springs,NY,PT,False,True,False,43.0845351,-73.80533799999999,"1 WEST AVE, SUITE 150, SARATOGA SPRINGS, NY"
Sports Care,"160 E Hanover Ave, Cedar Knolls, NJ",Cedar Knolls,NJ,PT,False,True,False,40.8107786,-74.4674458,"160 E HANOVER AVE, CEDAR KNOLLS, NJ"
Sports Physical Therapy of NY,"4102 Ellsworth Blvd, Malta, NY",Malta,NY,PT,False,True,False,42.9750526,-73.7891372,"4102 ELLSWORTH BLVD, MALTA, NY"
"Sports, Orthopedic and Spine Rehabilitation","179 Tom Miller Road, Plattsburg, NY",Plattsburg,NY,PT,False,True,False,44.705749,-73.4938311,"179 TOM MILLER ROAD, PLATTSBURG, NY"
SportsCare Physical Therapy,"197 Ridgedale Ave, Cedar Knolls, NJ",Cedar Knolls,NJ,PT,False,True,False,40.8122362,-74.4554309,"197 RIDGEDALE AVE, CEDAR KNOLLS, NJ"
SST Rehab- Lake Mary,"SST Rehab @ D1 635 Century Pt Suite 111 FL, Lake Mary, FL",Lake Mary,FL,PT,False,True,False,28.775436,-81.3518009,"SST REHAB @ D1 635 CENTURY PT SUITE 111 FL, LAKE MARY, FL"
St Lawrence Health System,"50 leroy St., Potsdam, NY",Potsdam,NY,PA,False,False,True,44.6765721,-74.98255,"50 LEROY ST., POTSDAM, NY"
St Peters Health Partners,"315 S. Manning Blvd, Albany, NY",Albany,NY,PT,False,True,False,42.6559038,-73.8038346,"315 S. MANNING BLVD, ALBANY, NY"
St. Camillus--Centers at St. Camillus,"813 Fay Road, Syracuse, NY",Syracuse,NY,PT,False,True,False,43.0342649,-76.2026439,"813 FAY ROAD, SYRACUSE, NY"
"St. Catherine Hospital, Inc","4321 Fir St, East Chicago, IL",East Chicago,IL,OT,True,False,False,41.6349065,-87.448314,"4321 FIR ST, EAST CHICAGO, IL"
St. George Clinic INC,"862 Broadway, Bayonne, NJ",Bayonne,NJ,PA,False,False,True,40.6768165,-74.1070429,"862 BROADWAY, BAYONNE, NJ"
St. John Paul II Center,"33 Lincold Avenue, Danbury, CT",Danbury,CT,PT,False,True,False,41.3850771,-73.4537461,"33 LINCOLD AVENUE, DANBURY, CT"
St. Johnsville Nursing Home,"7 Timmerman Ave, St. Johnsville, NY",St. Johnsville,NY,PT,False,True,False,42.9999931,-74.6884085,"7 TIMMERMAN AVE, ST. JOHNSVILLE, NY"
St. Joseph's Addiction Treatment & Recovery,"150 Glenwood Dr, Massena, NY",Massena,NY,OT,True,False,False,44.9279308,-74.89179399999999,"150 GLENWOOD DR, MASSENA, NY"
St. Joseph's Health,"301 Prospect Ave, Syracuse, NY",Syracuse,NY,PA,False,False,True,43.0559034,-76.1493326,"301 PROSPECT AVE, SYRACUSE, NY"
St. Lawrence County Community Development Program,"One Commerce Lane, Canton, NY",Canton,NY,OT,True,False,False,44.5911846,-75.181268,"ONE COMMERCE LANE, CANTON, NY"
St. Lawrence Health System,"50 Leroy St, Potsdam, NY",Potsdam,NY,PT,False,True,False,44.6765721,-74.98255,"50 LEROY ST, POTSDAM, NY"
St. Lawrence Lewis BOCES,"40 W. Main Street, P.O. Box 231, Canton, NY",Canton,NY,OT,True,False,False,44.59525989999999,-75.18153219999999,"40 W. MAIN STREET, P.O. BOX 231, CANTON, NY"
St. Lawrence Office for the Aging,"80 State Hwy 310, Suite 7, Canton, NY",Canton,NY,OT,True,False,False,44.6017824,-75.1492624,"80 STATE HWY 310, SUITE 7, CANTON, NY"
St. Lawrence Psychiatric Center,"1 Chimney Point Drive, Ogdensburg, NY",Ogdensburg,NY,PT,False,True,False,44.72508819999999,-75.436334,"1 CHIMNEY POINT DRIVE, OGDENSBURG, NY"
St. Lawrence Psychiatric Center,"1 Chimney Point Drive, Ogdensburg, NY",Ogdensburg,NY,"OT, PT",True,True,False,44.72508819999999,-75.436334,"1 CHIMNEY POINT DRIVE, OGDENSBURG, NY"
St. Luke's Health System,"190 E Bannock Street, Boise, ID",Boise,ID,OT,True,False,False,43.61266730000001,-116.1920164,"190 E BANNOCK STREET, BOISE, ID"
St. Mary's Hospital,"427 Guy Park Ave, Amsterdam, NY",Amsterdam,NY,PA,False,False,True,42.9546007,-74.21660469999999,"427 GUY PARK AVE, AMSTERDAM, NY"
St. Mary's Rehabilitation Hospital,"1208 Newtown-Langhorne Rd, Langhorne, PA",Langhorne,PA,OT,True,False,False,40.2043098,-74.8972313,"1208 NEWTOWN-LANGHORNE RD, LANGHORNE, PA"
St. Peter's Health (MT),"2475 Broadway St., Helena, MT",Helena,MT,PA,False,False,True,46.5832732,-111.996514,"2475 BROADWAY ST., HELENA, MT"
St. Peter's Health Partners,"377 Church St, Saratoga Springs, NY",Saratoga Springs,NY,PA,False,False,True,43.0865032,-73.8160827,"377 CHURCH ST, SARATOGA SPRINGS, NY"
St. Peter's Health Partners,"315 Manning Blvd, Albany, NY",Albany,NY,"PT, PA, OT",True,True,True,42.6708928,-73.78668259999999,"315 MANNING BLVD, ALBANY, NY"
"St. Regis Nursing Home, Inc","89 Grove St., Massena, NY",Massena,NY,PT,False,True,False,44.9239737,-74.884554,"89 GROVE ST., MASSENA, NY"
St. Vincent Health,"822 W 4th Street, Leadville, CO",Leadville,CO,"OT, PT, PA",True,True,True,39.2450195,-106.303491,"822 W 4TH STREET, LEADVILLE, CO"
St. Vincent's Health System Inc.,"1 Shircliff Way, Jacksonville, FL",Jacksonville,FL,PT,False,True,False,30.3076759,-81.6904716,"1 SHIRCLIFF WAY, JACKSONVILLE, FL"
STAR Physical Therapy-Bellevue,"7640 Hwy 70 S, Suite 210, Nashville, TN",Nashville,TN,PT,False,True,False,36.0799882,-86.950726,"7640 HWY 70 S, SUITE 210, NASHVILLE, TN"
State University of New York,"State University Plaza, Albany, NY",Albany,NY,PA,False,False,True,42.6773105,-73.82322490000001,"STATE UNIVERSITY PLAZA, ALBANY, NY"
Steps To Success Occupational Therapy,"249-02 Jericho Turnpike, Suite 205, Floral Park, NY",Floral Park,NY,OT,True,False,False,40.7259168,-73.7179416,"249-02 JERICHO TURNPIKE, SUITE 205, FLORAL PARK, NY"
Stone Ridge Academy,"20 W. 7th St., Upland, CA",Upland,CA,OT,True,False,False,34.0880762,-117.6518772,"20 W. 7TH ST., UPLAND, CA"
Story Place Preschool,"1477 S Schodack Road, Castleton, NY",Castleton,NY,OT,True,False,False,42.5211705,-73.7117434,"1477 S SCHODACK ROAD, CASTLETON, NY"
Stratus Eye,"5400 Laurel Springs Parkway, Suite - I 03, Suwanee, GA",Suwanee,GA,PA,False,False,True,34.0851226,-84.15769279999999,"5400 LAUREL SPRINGS PARKWAY, SUITE - I 03, SUWANEE, GA"
Strive PT,"Pavillions at Moorestown, 740 Marne Highway, Suite 203, Moorestown, NJ",Moorestown,NJ,PT,False,True,False,39.973143,-74.91305799999999,"PAVILLIONS AT MOORESTOWN, 740 MARNE HIGHWAY, SUITE 203, MOORESTOWN, NJ"
Strong Steps Physical Therapy,"Malta, Malta, NY",Malta,NY,PT,False,True,False,42.9853893,-73.7868672,"MALTA, MALTA, NY"
Suffolk Physical Therapy,"279 Larkfield Rd, East Northport, NY",East Northport,NY,PT,False,True,False,40.8762194,-73.32343159999999,"279 LARKFIELD RD, EAST NORTHPORT, NY"
Summit Physical Therapy,"3 W Seneca St, Oswego, NY",Oswego,NY,PT,False,True,False,43.4594141,-76.512557,"3 W SENECA ST, OSWEGO, NY"
Sung Hyun Kim M.D. Internal Medicine,"903 Crenshaw Blvd., STE 104, Los Angeles, CA",Los Angeles,CA,PA,False,False,True,34.0563348,-118.3224817,"903 CRENSHAW BLVD., STE 104, LOS ANGELES, CA"
Sunny Acres Villas,"2501 East 104th Ave, Thornton, CO",Thornton,CO,OT,True,False,False,39.8864461,-104.9556782,"2501 EAST 104TH AVE, THORNTON, CO"
Sunny Days Sunshine Center,"300 Corporate Center Drive, Suite 100, Manalapan, NJ",Manalapan,NJ,OT,True,False,False,40.2840151,-74.3012463,"300 CORPORATE CENTER DRIVE, SUITE 100, MANALAPAN, NJ"
"Sunny Days Therapy, Inc.","5232 Kyler Ave NE, STE A, Albertville, MN",Albertville,MN,OT,True,False,False,45.2260893,-93.664903,"5232 KYLER AVE NE, STE A, ALBERTVILLE, MN"
SUNY UPSTATE,"750 East Adams Street, Syracuse, NY",Syracuse,NY,PT,False,True,False,43.0419081,-76.1402914,"750 EAST ADAMS STREET, SYRACUSE, NY"
Synergy Health Medical Solutions PC,"95 Clinton St., Hempstead, NY",Hempstead,NY,PA,False,False,True,40.709179,-73.6196629,"95 CLINTON ST., HEMPSTEAD, NY"
Synergy Physical Therapy and Sports Medicine,"419 W Park St, Sheffield, IA",Sheffield,IA,PT,False,True,False,42.8960589,-93.2172183,"419 W PARK ST, SHEFFIELD, IA"
Syracuse Orthopedic Specialists,"8324 Oswego Rd, Suite A, Liverpool, NY",Liverpool,NY,PT,False,True,False,43.1759501,-76.24936319999999,"8324 OSWEGO RD, SUITE A, LIVERPOOL, NY"
Syracuse VA Medical Center,"800 Irving Ave., Syracuse, NY",Syracuse,NY,OT,True,False,False,43.0391215,-76.1389986,"800 IRVING AVE., SYRACUSE, NY"
Tahoe Forest Hospital District,"10121 Pine Ave., Truckee, CA",Truckee,CA,PA,False,False,True,39.3245156,-120.2004203,"10121 PINE AVE., TRUCKEE, CA"
TAI Cedar Hills,"10215 SW Park Way, Ste D, Portland, OR",Portland,OR,PT,False,True,False,45.5084328,-122.7815566,"10215 SW PARK WAY, STE D, PORTLAND, OR"
Tender Touch Rehabiliation,"695 River Ave, Lakewood, NJ",Lakewood,NJ,OT,True,False,False,40.0704123,-74.2171962,"695 RIVER AVE, LAKEWOOD, NJ"
Test Contract 2,"Test Address Rd, Charles Town, WV",Charles Town,WV,OT,True,False,False,39.28899029999999,-77.8597175,"TEST ADDRESS RD, CHARLES TOWN, WV"
Test Parent Site group,"Test, test, test, AK",test,AK,PT,False,True,False,63.588753,-154.4930619,"TEST, TEST, TEST, AK"
Texas Children's Hospital - The Woodlands OP,"17580 I-45, The Woodlands, TX",The Woodlands,TX,"PT, OT, PA",True,True,True,30.2013313,-95.45747449999999,"17580 I-45, THE WOODLANDS, TX"
Texas Valley Coastal Blend,"2601 Veterans Drive, harlingen, TX",harlingen,TX,PT,False,True,False,26.1711156,-97.6672298,"2601 VETERANS DRIVE, HARLINGEN, TX"
"The Centers for Advanced Orthopedics, LLC.","6707 Democracy Boulevard, ,  Suite 504, Bethesda, MD",Bethesda,MD,PT,False,True,False,39.0231444,-77.1378204,"6707 DEMOCRACY BOULEVARD, , SUITE 504, BETHESDA, MD"
The Chateau at Brooklyn Rehabilitation and Nursing Center,"3457 Nostrand Ave, Brooklyn, NY",Brooklyn,NY,OT,True,False,False,40.5996902,-73.94116919999999,"3457 NOSTRAND AVE, BROOKLYN, NY"
The Churchill School and Center,"301 E 29th St, New York, NY",New York,NY,OT,True,False,False,40.7416279,-73.977541,"301 E 29TH ST, NEW YORK, NY"
The Edge Physical Therapy,"4 Gauthier Drive, Essex, VT",Essex,VT,PT,False,True,False,44.5113643,-73.134945,"4 GAUTHIER DRIVE, ESSEX, VT"
The Grand Pavilion Rehabilitation and Nursing at Rockville Centre,"41 Maine Avenue, Rockville Centre, NY",Rockville Centre,NY,OT,True,False,False,40.6642871,-73.6509353,"41 MAINE AVENUE, ROCKVILLE CENTRE, NY"
The Grove at Valhalla Rehabilitation and Nursing Center,"61 Grasslands Rd., Valhalla, NY",Valhalla,NY,"PT, PA, OT",True,True,True,41.0657388,-73.7833121,"61 GRASSLANDS RD., VALHALLA, NY"
The Hand & Orthopedic Rehab Clinic-Rehab Brazil Clinic,"15 Forest Park Plaza, Brazil, IN",Brazil,IN,PT,False,True,False,39.523652,-87.1250154,"15 FOREST PARK PLAZA, BRAZIL, IN"
The Jackson Clincs,"119 The Plains Rd.,,  Suite 100 P.O. Box 1769, middleburg, VA",middleburg,VA,PT,False,True,False,38.9658261,-77.7377276,"119 THE PLAINS RD.,, SUITE 100 P.O. BOX 1769, MIDDLEBURG, VA"
"The Peach Pit, LLC","2216 Jog Road, Greenacres, FL",Greenacres,FL,PT,False,True,False,26.646902,-80.1447373,"2216 JOG ROAD, GREENACRES, FL"
The Rehab Gym,"905 Roosevelt Hwy, #100, Colchester, VT",Colchester,VT,PT,False,True,False,44.5153003,-73.1803097,"905 ROOSEVELT HWY, #100, COLCHESTER, VT"
The Saratoga Hospital,"211 Church Street, Saratoga Springs, NY",Saratoga Springs,NY,PT,False,True,False,43.0856303,-73.7971032,"211 CHURCH STREET, SARATOGA SPRINGS, NY"
The Talcott Center LLC,"304 Main Street, Suite A, Farmington, CT",Farmington,CT,OT,True,False,False,41.7063437,-72.84296789999999,"304 MAIN STREET, SUITE A, FARMINGTON, CT"
The University of Texas MD Anderson Cancer Center,"1515 Holcombe Blvd, Houston, TX",Houston,TX,PA,False,False,True,29.7101189,-95.3992109,"1515 HOLCOMBE BLVD, HOUSTON, TX"
Theradynamics Rehab Management,"337 Crossways Park Drive, Woodbury, NY",Woodbury,NY,"OT, PT",True,True,False,40.8066069,-73.4839902,"337 CROSSWAYS PARK DRIVE, WOODBURY, NY"
Therapy Adventures International,"1765 N Elston Ave, Chicago, IL",Chicago,IL,"OT, PT",True,True,False,41.9146313,-87.6642391,"1765 N ELSTON AVE, CHICAGO, IL"
Therapy at Play Inc,"2208 Camino Ramon, San Ramon, CA",San Ramon,CA,OT,True,False,False,37.777046,-121.968658,"2208 CAMINO RAMON, SAN RAMON, CA"
Therapy Hut,"895 Willow Tree Circle, Suite # 100, Cordova, TN",Cordova,TN,OT,True,False,False,35.1489689,-89.79406929999999,"895 WILLOW TREE CIRCLE, SUITE # 100, CORDOVA, TN"
Therapy In Motion,"856 46th Street, Brooklyn, NY",Brooklyn,NY,PT,False,True,False,40.6423487,-74.00015069999999,"856 46TH STREET, BROOKLYN, NY"
Therapy Playground,"5948 Fisher Road, Fayetteville, NC",Fayetteville,NC,OT,True,False,False,35.005628,-78.99705519999999,"5948 FISHER ROAD, FAYETTEVILLE, NC"
Therapy Solutions for Children,"836 Ritchie Highway, Suite 6, Severna Park, MD",Severna Park,MD,OT,True,False,False,39.0640128,-76.53574859999999,"836 RITCHIE HIGHWAY, SUITE 6, SEVERNA PARK, MD"
Thompson Hospital Rehabilitation Department,"350 Parrish Street, Canandaigua, NY",Canandaigua,NY,PT,False,True,False,42.8761043,-77.2898992,"350 PARRISH STREET, CANANDAIGUA, NY"
Thrive,"2830 Virginia Beach Blvd, Virginia Beach, VA",Virginia Beach,VA,PT,False,True,False,36.8445307,-76.06898090000001,"2830 VIRGINIA BEACH BLVD, VIRGINIA BEACH, VA"
Thrive By 5,"1951 Caleb Ave, Syracuse, NY",Syracuse,NY,OT,True,False,False,43.0636458,-76.0880466,"1951 CALEB AVE, SYRACUSE, NY"
Thrive Pediatric Clinic,"1515 116th Avenue Northeast #107, Bellevue, WA",Bellevue,WA,"PT, OT",True,True,False,47.6239847,-122.1865352,"1515 116TH AVENUE NORTHEAST #107, BELLEVUE, WA"
Thrive Wellness and Recovery,"611 W Main St, Watertown, NY",Watertown,NY,PA,False,False,True,43.983265,-75.91724479999999,"611 W MAIN ST, WATERTOWN, NY"
TOC-The Orthopaedic Center,"927 Franklin St, Huntsville, AL",Huntsville,AL,PT,False,True,False,34.7208945,-86.5767419,"927 FRANKLIN ST, HUNTSVILLE, AL"
Touchstone Nexus Neurorecovery Center,"9297 Wahrenberger Road, Conroe, TX",Conroe,TX,PT,False,True,False,30.314552,-95.53097029999999,"9297 WAHRENBERGER ROAD, CONROE, TX"
Township Sports Therapy & Work Hardening Physical Therapy Clinic,"RFB Surgical Plus, Sewell, NJ",Sewell,NJ,PT,False,True,False,39.7662167,-75.1441926,"RFB SURGICAL PLUS, SEWELL, NJ"
Tri City Medical Center,"6250 El Camino Rd, Carlsbad, CA",Carlsbad,CA,PT,False,True,False,35.488821,-120.669871,"6250 EL CAMINO RD, CARLSBAD, CA"
TriStar Health System,"5380 Hickory Hollow Pkwy Suite 200, Antioch, TN",Antioch,TN,OT,True,False,False,36.0453753,-86.6512691,"5380 HICKORY HOLLOW PKWY SUITE 200, ANTIOCH, TN"
"Truckee Surgery Center, LLC","10770 Donner Pass Rd., Suite 201, Truckee, CA",Truckee,CA,PA,False,False,True,39.3267804,-120.1977911,"10770 DONNER PASS RD., SUITE 201, TRUCKEE, CA"
Tully PT,"397 state route 281, tully, NY",tully,NY,PT,False,True,False,42.7902961,-76.1220786,"397 STATE ROUTE 281, TULLY, NY"
Tupper Lake Central School District,"291 Hosley Avenue, Tupper Lake, NY",Tupper Lake,NY,OT,True,False,False,44.223917,-74.4437559,"291 HOSLEY AVENUE, TUPPER LAKE, NY"
Twin Boro Physical Therapy,"1422 Grand St, Hoboken, NJ",Hoboken,NJ,PT,False,True,False,40.75521,-74.03143759999999,"1422 GRAND ST, HOBOKEN, NJ"
"U.S. Physical Therapy, Inc","1300 W. Sam Houston Pkwy. S., Suite 300, Houston, TX",Houston,TX,PT,False,True,False,29.7482486,-95.5588966,"1300 W. SAM HOUSTON PKWY. S., SUITE 300, HOUSTON, TX"
UBMD Orthopedics and Sports Medicine,"462 Grider Street, Buffalo, NY",Buffalo,NY,PA,False,False,True,42.9261978,-78.8334663,"462 GRIDER STREET, BUFFALO, NY"
UCH Univ of CO Hospital Authority,"12605 E. 16th Ave, Aurora, CO",Aurora,CO,"PT, OT",True,True,False,39.7426948,-104.8440836,"12605 E. 16TH AVE, AURORA, CO"
Uihlein Mercy Center,"185 Old Military Rd., Lake Placid, NY",Lake Placid,NY,PT,False,True,False,44.2648815,-73.9830437,"185 OLD MILITARY RD., LAKE PLACID, NY"
UNC Rex Healthcare,"4420 Lake Boone Trail, Raleigh, NC",Raleigh,NC,PT,False,True,False,35.8178933,-78.7026278,"4420 LAKE BOONE TRAIL, RALEIGH, NC"
Unified Therapy,"915 Sullivan Ave, Suite 3, South Windsor, CT",South Windsor,CT,OT,True,False,False,41.8460901,-72.5663223,"915 SULLIVAN AVE, SUITE 3, SOUTH WINDSOR, CT"
United Helpers,"221 Hamilton St., Ogdensburg, NY",Ogdensburg,NY,PA,False,False,True,44.700918,-75.4870416,"221 HAMILTON ST., OGDENSBURG, NY"
United Helpers,"30 Sullivan Dr, Canton, NY",Canton,NY,"PT, OT",True,True,False,44.6138615,-75.1645077,"30 SULLIVAN DR, CANTON, NY"
United Helpers Nursing Home-Maplewood,"205 State Street Road, Canton, NY",Canton,NY,"OT, PT",True,True,False,44.61434260000001,-75.1621397,"205 STATE STREET ROAD, CANTON, NY"
Unity Health/Rochester Regional Health,"2655 Ridgeway Avenue, #320, Rochester, NY",Rochester,NY,PT,False,True,False,43.185672,-77.70571029999999,"2655 RIDGEWAY AVENUE, #320, ROCHESTER, NY"
UnityPoint Health - Meriter,"345 W. Washington Ave, Ste 100, Madison, WI",Madison,WI,PA,False,False,True,43.0713685,-89.388021,"345 W. WASHINGTON AVE, STE 100, MADISON, WI"
University Hospitals,"11100 Euclid Avenue, Cleveland, OH",Cleveland,OH,PT,False,True,False,41.5066397,-81.60643619999999,"11100 EUCLID AVENUE, CLEVELAND, OH"
University of California Davis Health,"2370 Stockton Blvd, Sacramento, CA",Sacramento,CA,OT,True,False,False,38.5537091,-121.4568809,"2370 STOCKTON BLVD, SACRAMENTO, CA"
University of Maryland Baltimore Washington Medical Center,"301 Hospital Drive, Glen Burnie, MD",Glen Burnie,MD,PT,False,True,False,39.1376189,-76.62316059999999,"301 HOSPITAL DRIVE, GLEN BURNIE, MD"
University of Maryland Medical System,"250 W Pratt St, Baltimore, MD",Baltimore,MD,OT,True,False,False,39.2867531,-76.6187266,"250 W PRATT ST, BALTIMORE, MD"
University of Rochester Medical Center,"601 Elmwood Ave, Rochester, NY",Rochester,NY,OT,True,False,False,43.1243425,-77.6237015,"601 ELMWOOD AVE, ROCHESTER, NY"
University of Rochester-Strong Memorial Hospital,"601 Elmwood Avenue, Rochester, NY",Rochester,NY,PT,False,True,False,43.1243425,-77.6237015,"601 ELMWOOD AVENUE, ROCHESTER, NY"
University of Vermont Medical Center,"111 Colchester Ave, Burlington, VT",Burlington,VT,OT,True,False,False,44.4797076,-73.1957504,"111 COLCHESTER AVE, BURLINGTON, VT"
UPMC,"200 Lothrop Street, Pittburgh, PA",Pittburgh,PA,PT,False,True,False,40.4660474,-79.95826480000001,"200 LOTHROP STREET, PITTBURGH, PA"
UPMC Western Maryland,"12500 Willowbrook Rd, Cumberland, MD",Cumberland,MD,OT,True,False,False,39.6486925,-78.7343643,"12500 WILLOWBROOK RD, CUMBERLAND, MD"
Upper Darby School District,"4611 Bond Ave, Drexel Hill, PA",Drexel Hill,PA,OT,True,False,False,39.9529447,-75.316073,"4611 BOND AVE, DREXEL HILL, PA"
Upper East Side Rehabilitation and Nursing Center,"211 E 79th St, New York, NY",New York,NY,OT,True,False,False,40.7743555,-73.95641789999999,"211 E 79TH ST, NEW YORK, NY"
Upstate Cerebral Palsy,"258 Genesee Street, Utica, NY",Utica,NY,PT,False,True,False,43.09979610000001,-75.2352811,"258 GENESEE STREET, UTICA, NY"
Upstate Medical Center,"750 East Adams St., Syracuse, NY",Syracuse,NY,OT,True,False,False,43.0419081,-76.1402914,"750 EAST ADAMS ST., SYRACUSE, NY"
Upstream Rehabiliation,"Mt Hood Ave, Woodburn, OR",Woodburn,OR,OT,True,False,False,45.1514841,-122.8380711,"MT HOOD AVE, WOODBURN, OR"
Upstream Rehabilitation,"1200 Corporate Dr, Suite 400, Birmingham, AL",Birmingham,AL,"OT, PT",True,True,False,33.41546880000001,-86.68102069999999,"1200 CORPORATE DR, SUITE 400, BIRMINGHAM, AL"
UR Medicine - F.F Thompson Hospital,"350 Parrish Street, Canandaigua, NY",Canandaigua,NY,PA,False,False,True,42.8761043,-77.2898992,"350 PARRISH STREET, CANANDAIGUA, NY"
UR Medicine-Strong Memorial Hospital,"601 Elmwood Ave, Rochester, NY",Rochester,NY,PA,False,False,True,43.1243425,-77.6237015,"601 ELMWOOD AVE, ROCHESTER, NY"
URMC,"601 Elmwood Avenue, Rochester, NY",Rochester,NY,PT,False,True,False,43.1243425,-77.6237015,"601 ELMWOOD AVENUE, ROCHESTER, NY"
"USAFA United States Air Force Academy, 10th Medical Group, Cadet Physical Therapy","10th Medical Operations Squadron/SGOY Dept. of PT 4102 Pinion Dr., USAF Academy, CO",USAF Academy,CO,PT,False,True,False,38.9916637,-104.8846596,"10TH MEDICAL OPERATIONS SQUADRON/SGOY DEPT. OF PT 4102 PINION DR., USAF ACADEMY, CO"
UVM - Alice Hyde Medical Center,"133 Park Street, Malone, NY",Malone,NY,PA,False,False,True,44.8570668,-74.2916996,"133 PARK STREET, MALONE, NY"
UVM - Burlington,"111 Colchester Ave, Burlington, VT",Burlington,VT,PA,False,False,True,44.4797076,-73.1957504,"111 COLCHESTER AVE, BURLINGTON, VT"
UVM - Central Vermont Medical Center,"130 Fisher Rd, Berlin, VT",Berlin,VT,PA,False,False,True,44.22023739999999,-72.56087029999999,"130 FISHER RD, BERLIN, VT"
UVM - Champlain Valley Physicians Hospital,"75 Beekman Street, Plattsburgh, NY",Plattsburgh,NY,PA,False,False,True,44.7009651,-73.4693329,"75 BEEKMAN STREET, PLATTSBURGH, NY"
UVM - Porter,"15 Porter Dr., Middlebury, VT",Middlebury,VT,PA,False,False,True,43.9995649,-73.17011149999999,"15 PORTER DR., MIDDLEBURY, VT"
UVM Health Network -CVPH Rehabilitation,"295 New York Road, Plattsburgh, NY",Plattsburgh,NY,PT,False,True,False,44.6667233,-73.4562242,"295 NEW YORK ROAD, PLATTSBURGH, NY"
UVM University of Vermont Medical Center,"111 Colchester Avenue, Not Entered, Burlington, VT",Burlington,VT,PT,False,True,False,44.4797076,-73.1957504,"111 COLCHESTER AVENUE, NOT ENTERED, BURLINGTON, VT"
VA Central Western MA,"421 North Main Street, Northampton, MA",Northampton,MA,PT,False,True,False,42.3480504,-72.6852121,"421 NORTH MAIN STREET, NORTHAMPTON, MA"
VA Hudson Valley Health Care System,"Castle Point Campus Route 9D, Castle Point, NY",Castle Point,NY,PT,False,True,False,41.5462048,-73.95958279999999,"CASTLE POINT CAMPUS ROUTE 9D, CASTLE POINT, NY"
VA Pittsburgh,"University Dr. campus, 2nd Fl., Pittsburgh, PA",Pittsburgh,PA,PT,False,True,False,40.4386612,-79.99723519999999,"UNIVERSITY DR. CAMPUS, 2ND FL., PITTSBURGH, PA"
VA Stars and Stripes Healthcare Network The Corporal Michael J Crescenz Veterans Medical Center,"21 S University Ave, Philadelphia, PA",Philadelphia,PA,OT,True,False,False,39.9554092,-75.1978676,"21 S UNIVERSITY AVE, PHILADELPHIA, PA"
VA Syracuse Medical Center,"800 Irving Avenue, Syracuse, NY",Syracuse,NY,PT,False,True,False,43.0391215,-76.1389986,"800 IRVING AVENUE, SYRACUSE, NY"
Valley Hospital,"223 North Van Dien Avenue, Ridgewood, NJ",Ridgewood,NJ,OT,True,False,False,40.98350569999999,-74.1008715,"223 NORTH VAN DIEN AVENUE, RIDGEWOOD, NJ"
Vanderbilt,"324 Cool Springs Blvd., Franklin, TN",Franklin,TN,PT,False,True,False,35.9420482,-86.8287801,"324 COOL SPRINGS BLVD., FRANKLIN, TN"
Venice Regional Bayfront Health,"540 The Rialto, Venice, FL",Venice,FL,PT,False,True,False,27.0913129,-82.4446815,"540 THE RIALTO, VENICE, FL"
Vermont Sports Medicine Center,"5 Albert Cree Dr, Rutland, VT",Rutland,VT,PT,False,True,False,43.5996828,-72.9527493,"5 ALBERT CREE DR, RUTLAND, VT"
VIVERANT Physical Therapy-Milton (Anytime Fitness),"6568 Caroline Street, Milton, FL",Milton,FL,PT,False,True,False,30.62087,-87.04981819999999,"6568 CAROLINE STREET, MILTON, FL"
VNA & Hospice of the Southwest Region,"7 Albert Cree Drive, Rutland, VT",Rutland,VT,OT,True,False,False,43.5997974,-72.9515469,"7 ALBERT CREE DRIVE, RUTLAND, VT"
Voorhees Pediatric Facility,"1304 Laurel Oak Rd., Voorhees, NJ",Voorhees,NJ,"PA, PT, OT",True,True,True,39.8505869,-74.9694548,"1304 LAUREL OAK RD., VOORHEES, NJ"
WakeMed,"3000 New Bern Ave, Raleigh, NC",Raleigh,NC,PA,False,False,True,35.7844412,-78.58728719999999,"3000 NEW BERN AVE, RALEIGH, NC"
Walter Reed National Military Medical Center,"8901 Rockville Pike, Bethesda, MD",Bethesda,MD,PT,False,True,False,38.9999804,-77.0944071,"8901 ROCKVILLE PIKE, BETHESDA, MD"
War Memorial Hospital,"2472 Ashmun St., Sault Ste Marie, MI",Sault Ste Marie,MI,PT,False,True,False,46.4782383,-84.355837,"2472 ASHMUN ST., SAULT STE MARIE, MI"
Warner PT,"364 East Ave, Oswego, NY",Oswego,NY,PT,False,True,False,43.45139959999999,-76.4855495,"364 EAST AVE, OSWEGO, NY"
Washington Hospital Center,"110 Irving St NW, Rm C 2151, Washington, DC",Washington,DC,PT,False,True,False,38.9294434,-77.0147266,"110 IRVING ST NW, RM C 2151, WASHINGTON, DC"
Waterbury Hospital,"64 Robbins St., Waterbury, CT",Waterbury,CT,"PT, OT",True,True,False,41.5588465,-73.0594662,"64 ROBBINS ST., WATERBURY, CT"
Watertown Urgent Care,"457 Gaffney Dr., Watertown, NY",Watertown,NY,PA,False,False,True,43.9871057,-75.9399281,"457 GAFFNEY DR., WATERTOWN, NY"
Wayne County Nursing Home,"1529 Nye Road, Lyons, NY",Lyons,NY,OT,True,False,False,43.0643323,-77.0291445,"1529 NYE ROAD, LYONS, NY"
Westchester Square Physical Therapy,"1250 Waters Place, Suite 501, Bronx, NY",Bronx,NY,PT,False,True,False,40.8531975,-73.8386957,"1250 WATERS PLACE, SUITE 501, BRONX, NY"
Wheat Ridge Regional Center,"10285 Ridge Road, Wheat Ridge, CO",Wheat Ridge,CO,OT,True,False,False,39.7932615,-105.1133032,"10285 RIDGE ROAD, WHEAT RIDGE, CO"
Wilson PT,"400 3rd Ave West, Suite 100, Ashland, WI",Ashland,WI,PT,False,True,False,46.588913,-90.884124,"400 3RD AVE WEST, SUITE 100, ASHLAND, WI"
Windsor Physical Therapy,"88 Chapel Street, Suite 1, Windsor, NY",Windsor,NY,PT,False,True,False,42.07591590000001,-75.6409765,"88 CHAPEL STREET, SUITE 1, WINDSOR, NY"
"WNY Medical, PC","4979 Harlem Road, Amhurst, NY",Amhurst,NY,PA,False,False,True,42.9778521,-78.7832597,"4979 HARLEM ROAD, AMHURST, NY"
WNY Physical & Occupational Therapy Group-Weinberg Campus,"6301 Transit Road, Depew, NY",Depew,NY,"PT, OT",True,True,False,42.9268764,-78.6959798,"6301 TRANSIT ROAD, DEPEW, NY"
Womack Army Medical Center,"2817 Reilly Road, Ft Bragg, NC",Ft Bragg,NC,OT,True,False,False,35.1451423,-79.0037552,"2817 REILLY ROAD, FT BRAGG, NC"
Wright Physical Therapy,"1411 Falls Avenue East, Suite 401, Twin Falls, ID",Twin Falls,ID,PT,False,True,False,42.5786101,-114.4567799,"1411 FALLS AVENUE EAST, SUITE 401, TWIN FALLS, ID"
Wynn Hospital,"111 Hospital Dr., Utica, NY",Utica,NY,PA,False,False,True,43.1031402,-75.2353191,"111 HOSPITAL DR., UTICA, NY"
XCELL orthopedics & Physical Therapy Institute of Sports and Performance and Rehab LLC,"2001 South D. Street, McAllen, TX",McAllen,TX,PT,False,True,False,26.1833332,-98.2171113,"2001 SOUTH D. STREET, MCALLEN, TX"
Yale University,"20 York St, New Haven, CT",New Haven,CT,PA,False,False,True,41.3042898,-72.9352337,"20 YORK ST, NEW HAVEN, CT"
"Young Adult Institute, Inc YAI","220 East 42nd St, New York, NY",New York,NY,OT,True,False,False,40.7496172,-73.97318,"220 EAST 42ND ST, NEW YORK, NY"
Youth Villages,"7426 Memphis Arlington Road, Memphis, TN",Memphis,TN,OT,True,False,False,35.2396933,-89.8134912,"7426 MEMPHIS ARLINGTON ROAD, MEMPHIS, TN"
